app,storefront,id,date,rating,primary_complaint,title
Focus@Will,US,focusatwill-US-000,2026-07-02,2,No offline / streaming-only,Used to love this app
Focus@Will,US,focusatwill-US-001,2026-05-16,1,Cancellation difficulty,"Support not available, doesn't work with my Bose Bluetooth headphones"
Focus@Will,US,focusatwill-US-003,2026-04-14,1,UX / app bugs / reliability,“Something went wrong”
Focus@Will,US,focusatwill-US-004,2026-02-20,1,UX / app bugs / reliability,Don’t buy this app
Focus@Will,US,focusatwill-US-005,2025-11-28,1,Cancellation difficulty,Cannot cancel
Focus@Will,US,focusatwill-US-006,2025-11-07,1,Misleading advertising,just Don’t Subscribe.
Focus@Will,US,focusatwill-US-007,2025-09-24,3,UX / app bugs / reliability,LOVE but so buggy
Focus@Will,US,focusatwill-US-008,2025-06-28,1,UX / app bugs / reliability,Website great. App is garbage. No audio.
Focus@Will,US,focusatwill-US-009,2025-04-18,2,UX / app bugs / reliability,Sometimes just stops randomly
Focus@Will,US,focusatwill-US-010,2025-02-12,3,Account / login / restore,Helps with ADHD but you eventually Catch Up
Focus@Will,US,focusatwill-US-011,2025-02-10,3,Feature removed / update regression,Bluetooth is not working for iPhone app
Focus@Will,US,focusatwill-US-015,2024-11-10,3,Abandonware / not updated / no new-device support,"Developer, PLZ READ"
Focus@Will,US,focusatwill-US-016,2024-11-05,1,Account / login / restore,deceptive
Focus@Will,US,focusatwill-US-017,2024-10-17,1,UX / app bugs / reliability,No updates for 2 years; no support!! Lifetime member disappointed.
Focus@Will,US,focusatwill-US-018,2024-09-30,1,Feature removed / update regression,Doesn’t work
Focus@Will,US,focusatwill-US-019,2024-09-04,1,UX / app bugs / reliability,meh
Focus@Will,US,focusatwill-US-021,2024-03-14,1,Other (uncategorized),Opportunities for Enhancement on Apple M3 Max Compatibility
Focus@Will,US,focusatwill-US-022,2024-01-17,1,UX / app bugs / reliability,It’s not working
Focus@Will,US,focusatwill-US-023,2023-12-11,1,Billing / unauthorized charges / refund anger,Useless app
Focus@Will,US,focusatwill-US-024,2023-11-17,1,Cancellation difficulty,Not A True Free Trial
Focus@Will,US,focusatwill-US-025,2023-10-30,1,UX / app bugs / reliability,Too bad
Focus@Will,US,focusatwill-US-026,2023-09-15,1,Battery / data drain,Battery Life?
Focus@Will,US,focusatwill-US-027,2023-09-05,3,"""Doesn't work / no effect""",The same handful of tunes on endless repeat
Focus@Will,US,focusatwill-US-028,2023-08-30,2,UX / app bugs / reliability,Almost a Subscriber
Focus@Will,US,focusatwill-US-030,2023-05-16,2,Price / value / paywall,Overpriced for what you get
Focus@Will,US,focusatwill-US-031,2023-01-21,1,Account / login / restore,Bruh
Focus@Will,US,focusatwill-US-032,2022-12-16,1,Other (uncategorized),Won’t Recognize Phone is Online
Focus@Will,US,focusatwill-US-033,2022-11-09,3,UX / app bugs / reliability,Works great when it works
Focus@Will,US,focusatwill-US-035,2022-08-30,2,UX / app bugs / reliability,"Great iOS app, doesn’t work on Mac"
Focus@Will,US,focusatwill-US-036,2022-07-16,1,UX / app bugs / reliability,Worst programmed app ever
Focus@Will,US,focusatwill-US-037,2022-04-04,2,UX / app bugs / reliability,Was nice when it didn’t crash
Focus@Will,US,focusatwill-US-038,2022-04-04,3,UX / app bugs / reliability,Recent glitches
Focus@Will,US,focusatwill-US-040,2022-02-10,2,UX / app bugs / reliability,Great but Clunky
Focus@Will,US,focusatwill-US-041,2021-12-14,3,No offline / streaming-only,"Maintains focus as promised, but app needs to be more robust"
Focus@Will,US,focusatwill-US-046,2021-09-22,3,UX / app bugs / reliability,Recent issues
Focus@Will,US,focusatwill-US-047,2021-08-13,1,UX / app bugs / reliability,Does not work
Focus@Will,US,focusatwill-US-050,2021-07-28,1,UX / app bugs / reliability,Used to be great
Focus@Will,US,focusatwill-US-051,2021-07-18,1,UX / app bugs / reliability,Doesn’t work.
Focus@Will,US,focusatwill-US-052,2021-07-08,2,Other (uncategorized),WTH happened?
Focus@Will,US,focusatwill-US-054,2021-06-29,1,Other (uncategorized),"rating is not an application, because the idea is great!"
Focus@Will,US,focusatwill-US-056,2021-05-04,1,Price / value / paywall,The heck
Focus@Will,US,focusatwill-US-057,2021-04-07,3,Cancellation difficulty,Was 5 stars.  Now it’s 3.
Focus@Will,US,focusatwill-US-059,2021-02-18,1,Price / value / paywall,Too expensive for what it is and feels like I was tricked into a year 
Focus@Will,US,focusatwill-US-060,2021-01-14,1,Cancellation difficulty,Way to swindle your customers
Focus@Will,US,focusatwill-US-062,2020-09-14,1,UX / app bugs / reliability,Continues to stop playing
Focus@Will,US,focusatwill-US-073,2020-04-05,1,Misleading advertising,Deceptive
Focus@Will,US,focusatwill-US-074,2020-03-27,1,Abandonware / not updated / no new-device support,Crashes
Focus@Will,US,focusatwill-US-075,2020-03-15,1,Billing / unauthorized charges / refund anger,Lost my money
Focus@Will,US,focusatwill-US-077,2020-02-17,3,"Missing platform / device support (Mac, watch, iPad, CarPlay…)",Fatal app flaw - resets song every time!
Focus@Will,US,focusatwill-US-078,2020-02-11,3,UX / app bugs / reliability,Quits often
Focus@Will,US,focusatwill-US-079,2020-02-07,2,Feature removed / update regression,The latest version is buggy
Focus@Will,US,focusatwill-US-080,2020-02-04,1,Feature removed / update regression,App stops working after paying 1 year subscription.
Focus@Will,US,focusatwill-US-081,2020-01-25,2,Cancellation difficulty,"Not impressed, Do Not Pay"
Focus@Will,US,focusatwill-US-082,2020-01-06,2,Price / value / paywall,"Pricey, too loud even at lowest volume setting"
Focus@Will,US,focusatwill-US-083,2020-01-02,1,UX / app bugs / reliability,Crashes on iPad
Focus@Will,US,focusatwill-US-084,2019-12-04,1,Sound quality / unpleasant sounds,Horrible Music
Focus@Will,US,focusatwill-US-085,2019-11-19,1,UX / app bugs / reliability,Cannot subscribe.
Focus@Will,US,focusatwill-US-087,2019-10-11,1,Billing / unauthorized charges / refund anger,RIP OFF $69 a year!!!!!!!
Focus@Will,US,focusatwill-US-088,2019-10-11,1,Cancellation difficulty,Unusable
Focus@Will,US,focusatwill-US-105,2019-09-02,1,Abandonware / not updated / no new-device support,Bad experience-too many ads!
Focus@Will,US,focusatwill-US-107,2019-08-22,1,"""Doesn't work / no effect""",Trash
Focus@Will,US,focusatwill-US-109,2019-06-30,1,UX / app bugs / reliability,Needs a major update
Focus@Will,US,focusatwill-US-110,2019-06-30,1,UX / app bugs / reliability,Does not work with voiceover
Focus@Will,US,focusatwill-US-111,2019-06-06,1,Other (uncategorized),Cannot switch back to untimed sessions!
Focus@Will,US,focusatwill-US-113,2019-05-20,2,UX / app bugs / reliability,Not worth it - UI issues
Focus@Will,US,focusatwill-US-116,2019-05-01,1,Cancellation difficulty,Difficulty Completing Registration
Focus@Will,US,focusatwill-US-117,2019-04-22,1,Feature removed / update regression,App doesn’t work
Focus@Will,US,focusatwill-US-118,2019-04-22,1,"Paywall on launch / too little free content / ""not free""",NOT FREE!!
Focus@Will,US,focusatwill-US-119,2019-04-13,1,UX / app bugs / reliability,Deserves Zero Stars
Focus@Will,US,focusatwill-US-120,2019-04-12,3,No offline / streaming-only,Music great - app frustrating
Focus@Will,US,focusatwill-US-124,2019-03-29,1,Subscription model resented (was one-time / went subscription),Endless distracting frustration
Focus@Will,US,focusatwill-US-126,2019-03-22,1,Other (uncategorized),Disappointed
Focus@Will,US,focusatwill-US-128,2019-03-11,1,Account / login / restore,Pay wall
Focus@Will,US,focusatwill-US-129,2019-03-09,1,UX / app bugs / reliability,"Does it work?  Who knows, can’t open it"
Focus@Will,US,focusatwill-US-131,2019-03-01,3,Free alternatives exist (YouTube / free apps),"Useful, but poor value for money"
Focus@Will,US,focusatwill-US-137,2019-01-19,2,Billing / unauthorized charges / refund anger,"App is fine, support is awful"
Focus@Will,US,focusatwill-US-139,2019-01-09,1,Other (uncategorized),This app is horrendous!
Focus@Will,US,focusatwill-US-140,2018-12-23,3,"""Doesn't work / no effect""",Not Sure It Really Works
Focus@Will,US,focusatwill-US-141,2018-12-22,1,Account / login / restore,Useless/creepy you making me enter my password every time I use this s
Focus@Will,US,focusatwill-US-142,2018-12-10,3,UX / app bugs / reliability,At a crossroads between excellent and frustrating
Focus@Will,US,focusatwill-US-144,2018-12-02,3,UX / app bugs / reliability,Great service but app needs work
Focus@Will,US,focusatwill-US-147,2018-10-31,1,Other (uncategorized),Can’t complete subscription
Focus@Will,US,focusatwill-US-150,2018-09-28,3,Repetitiveness / lack of variety,More variety needed
Focus@Will,US,focusatwill-US-156,2018-08-10,3,UX / app bugs / reliability,Love it when it works but it’s buggy
Focus@Will,US,focusatwill-US-159,2018-08-01,1,Price / value / paywall,"I really want to love the app, but..."
Focus@Will,US,focusatwill-US-164,2018-07-16,3,UX / app bugs / reliability,3 stars for the App/ F@W service 4 Stars
Focus@Will,US,focusatwill-US-169,2018-07-12,2,UX / app bugs / reliability,Music Keeps Cutting Out
Focus@Will,US,focusatwill-US-173,2018-07-09,1,Cancellation difficulty,Free trial
Focus@Will,US,focusatwill-US-174,2018-07-03,1,Billing / unauthorized charges / refund anger,H E L P!!
Focus@Will,US,focusatwill-US-177,2018-06-21,1,Billing / unauthorized charges / refund anger,Won’t cancel subscription
Focus@Will,US,focusatwill-US-178,2018-06-14,3,UX / app bugs / reliability,Not perfect but still a fan
Focus@Will,US,focusatwill-US-183,2018-06-04,3,Customer support,Productivity tracker is making me crazy
Focus@Will,US,focusatwill-US-186,2018-05-27,2,No offline / streaming-only,"Needs improvement, app drains battery"
Focus@Will,US,focusatwill-US-191,2018-05-04,1,UX / app bugs / reliability,Disappointed
Focus@Will,US,focusatwill-US-192,2018-04-15,1,Abandonware / not updated / no new-device support,Outdated
Focus@Will,US,focusatwill-US-195,2018-03-03,1,Sound quality / unpleasant sounds,Best way to focus is no music
Focus@Will,US,focusatwill-US-197,2018-02-05,2,UX / app bugs / reliability,The audio cuts out
Focus@Will,US,focusatwill-US-198,2018-01-15,1,UX / app bugs / reliability,Log in doesn’t work / waste of time
Focus@Will,US,focusatwill-US-199,2018-01-05,2,"AI-generated music distaste (""soulless"")",Not great
Focus@Will,US,focusatwill-US-203,2017-11-08,2,Billing / unauthorized charges / refund anger,Outrageous expensive with many other free options out there
Focus@Will,US,focusatwill-US-205,2017-10-20,1,Subscription model resented (was one-time / went subscription),4 days trying to access my account and it still doesn’t work!
Focus@Will,US,focusatwill-US-207,2017-10-06,1,UX / app bugs / reliability,Does this app work?
Focus@Will,US,focusatwill-US-222,2017-08-03,3,"Missing platform / device support (Mac, watch, iPad, CarPlay…)",Good.  Need an Apple Watch remote control.
Focus@Will,US,focusatwill-US-226,2017-07-28,1,Account / login / restore,Couldn't sign in
Focus@Will,US,focusatwill-US-227,2017-07-27,3,UX / app bugs / reliability,"Serves its purpose, but slightly buggy."
Focus@Will,US,focusatwill-US-234,2017-06-07,1,Price / value / paywall,Offers 50% discount? But wait...
Focus@Will,US,focusatwill-US-238,2017-05-19,1,Account / login / restore,Do NOT like having to log in!!
Focus@Will,US,focusatwill-US-240,2017-05-06,1,UX / app bugs / reliability,Really Frustrating App
Focus@Will,US,focusatwill-US-242,2017-04-20,1,Other (uncategorized),App problem
Focus@Will,US,focusatwill-US-244,2017-04-08,2,Sound quality / unpleasant sounds,Distracting
Focus@Will,US,focusatwill-US-245,2017-04-07,3,Free alternatives exist (YouTube / free apps),Not Horrible but...
Focus@Will,US,focusatwill-US-246,2017-04-02,1,Customer support,Do not purchase
Focus@Will,US,focusatwill-US-248,2017-03-18,1,UX / app bugs / reliability,It's never worked. Not once.
Focus@Will,US,focusatwill-US-250,2017-02-08,1,"Paywall on launch / too little free content / ""not free""",No Free Option
Focus@Will,US,focusatwill-US-251,2017-02-01,1,UX / app bugs / reliability,App needs serious work
Focus@Will,US,focusatwill-US-252,2017-01-13,1,Price / value / paywall,Totally overpriced
Focus@Will,US,focusatwill-US-253,2017-01-03,1,UX / app bugs / reliability,Don't buy.
Focus@Will,US,focusatwill-US-255,2016-12-05,1,Account / login / restore,"Online is awesome, app is horrible!"
Focus@Will,US,focusatwill-US-256,2016-11-30,1,Price / value / paywall,Deleting app
Focus@Will,US,focusatwill-US-258,2016-11-27,2,UX / app bugs / reliability,Keeps crashing
Focus@Will,US,focusatwill-US-264,2016-10-27,1,Account / login / restore,"Good idea, horrible execution"
Focus@Will,US,focusatwill-US-267,2016-09-22,1,UX / app bugs / reliability,App won't open
Focus@Will,US,focusatwill-US-268,2016-09-19,2,Repetitiveness / lack of variety,Lovely App- Not Worth the $$$$
Focus@Will,US,focusatwill-US-269,2016-08-05,1,"Paywall on launch / too little free content / ""not free""",Not free while there're soo many free sources
Focus@Will,US,focusatwill-US-270,2016-07-29,2,Price / value / paywall,Too expensive but neat
Focus@Will,US,focusatwill-US-271,2016-07-27,3,Misleading advertising,Trial Period
Focus@Will,US,focusatwill-US-272,2016-07-27,1,UX / app bugs / reliability,Terrible App
Focus@Will,US,focusatwill-US-273,2016-07-10,1,UX / app bugs / reliability,"15 day free trial, not 30"
Focus@Will,US,focusatwill-US-274,2016-07-06,2,Audible loops / short loops / audio artifacts,Scratchy and NO SUPPORT!!!
Focus@Will,US,focusatwill-US-275,2016-06-02,3,UX / app bugs / reliability,"Great service, buggy app"
Focus@Will,US,focusatwill-US-278,2016-04-03,3,Abandonware / not updated / no new-device support,The music works; the app needs work
Focus@Will,US,focusatwill-US-279,2016-03-15,2,Account / login / restore,Good but far too expensive
Focus@Will,US,focusatwill-US-280,2016-03-10,1,UX / app bugs / reliability,Cant get help
Focus@Will,US,focusatwill-US-281,2016-03-06,2,Sound quality / unpleasant sounds,Low quality & expensive
Focus@Will,US,focusatwill-US-284,2016-02-22,2,UX / app bugs / reliability,"Music good, app poor"
Focus@Will,US,focusatwill-US-288,2016-02-01,1,Account / login / restore,Poor app
Focus@Will,US,focusatwill-US-290,2016-01-09,2,Repetitiveness / lack of variety,Frustrated
Focus@Will,US,focusatwill-US-292,2015-12-09,1,Battery / data drain,Battery drain
Focus@Will,US,focusatwill-US-293,2015-11-12,1,Billing / unauthorized charges / refund anger,Does not work on me
Focus@Will,US,focusatwill-US-294,2015-11-04,1,Other (uncategorized),Won't work
Focus@Will,US,focusatwill-US-296,2015-10-17,1,Billing / unauthorized charges / refund anger,Screw them!!! REALLY
Focus@Will,US,focusatwill-US-300,2015-06-09,1,Price / value / paywall,6$/mo? 200$/life? K.
Focus@Will,US,focusatwill-US-301,2015-06-02,1,UX / app bugs / reliability,Unstable app
Focus@Will,US,focusatwill-US-303,2015-04-23,3,UX / app bugs / reliability,"Great service, poor app"
Focus@Will,US,focusatwill-US-304,2015-04-23,2,UX / app bugs / reliability,Needs Some Work
Focus@Will,US,focusatwill-US-306,2015-04-07,1,Subscription model resented (was one-time / went subscription),"Great idea, horrible execution"
Focus@Will,US,focusatwill-US-307,2015-03-16,1,Price / value / paywall,Not Worth The $$$
Focus@Will,US,focusatwill-US-308,2015-03-03,2,Feature removed / update regression,Good App - Lousy Pricing Structure
Focus@Will,US,focusatwill-US-312,2015-01-23,1,UX / app bugs / reliability,Buggy and Slow
Focus@Will,US,focusatwill-US-313,2015-01-23,1,Billing / unauthorized charges / refund anger,"A subscription model, really???"
Focus@Will,US,focusatwill-US-315,2015-01-20,2,UX / app bugs / reliability,App crashes every time upon opening...
Focus@Will,US,focusatwill-US-316,2015-01-04,1,"Paywall on launch / too little free content / ""not free""",Nothing Special
Focus@Will,US,focusatwill-US-317,2015-01-03,2,UX / app bugs / reliability,Seems like a useful app but is still buggy
Focus@Will,US,focusatwill-US-319,2014-11-17,1,No offline / streaming-only,Good idea crippled by crappy app wrapper
Focus@Will,US,focusatwill-US-321,2014-10-16,2,UX / app bugs / reliability,Servers always times out
Focus@Will,US,focusatwill-US-323,2014-10-07,3,UX / app bugs / reliability,"Great app, but..."
Focus@Will,US,focusatwill-US-324,2014-09-09,3,UX / app bugs / reliability,"When it works, it's great"
Focus@Will,US,focusatwill-US-327,2014-08-17,3,UX / app bugs / reliability,Music stops and skips
Focus@Will,US,focusatwill-US-334,2014-06-27,3,UX / app bugs / reliability,"Interesting concept, some glitches though"
Focus@Will,US,focusatwill-US-335,2014-06-17,1,UX / app bugs / reliability,Music stops playing all the time
Focus@Will,US,focusatwill-US-336,2014-06-11,3,UX / app bugs / reliability,Great but app needs work
Focus@Will,US,focusatwill-US-337,2014-05-29,3,UX / app bugs / reliability,"Great concept, functionality still needs work"
Focus@Will,US,focusatwill-US-339,2014-05-12,2,UX / app bugs / reliability,Problems in this version
Focus@Will,US,focusatwill-US-340,2014-05-02,1,UX / app bugs / reliability,Music stops playing
Focus@Will,US,focusatwill-US-342,2014-04-28,2,Other (uncategorized),Desperately needs to automatically pause when headphones are unplugged
Focus@Will,US,focusatwill-US-349,2014-03-12,2,Account / login / restore,"Great service, terrible app"
Focus@Will,US,focusatwill-US-350,2014-03-06,2,UX / app bugs / reliability,Great service--buggy app
Focus@Will,US,focusatwill-US-351,2014-03-05,2,UX / app bugs / reliability,Wish it didn't keep crashing
Focus@Will,US,focusatwill-US-352,2014-02-25,1,UX / app bugs / reliability,Music stops...
Focus@Will,US,focusatwill-US-358,2014-02-02,1,UX / app bugs / reliability,Buggy!
Focus@Will,US,focusatwill-US-359,2014-01-27,1,Billing / unauthorized charges / refund anger,Down more than it's up
Focus@Will,US,focusatwill-US-360,2014-01-24,1,UX / app bugs / reliability,Can't get it to work
Focus@Will,US,focusatwill-US-361,2014-01-23,1,UX / app bugs / reliability,No worky
Focus@Will,US,focusatwill-US-362,2014-01-21,1,UX / app bugs / reliability,App Doesn't Load
Focus@Will,US,focusatwill-US-367,2013-11-28,2,UX / app bugs / reliability,Concept is great but the app keeps crashing
Focus@Will,US,focusatwill-US-368,2013-11-27,1,UX / app bugs / reliability,Did not work
Focus@Will,US,focusatwill-US-369,2013-11-27,1,Cancellation difficulty,Beware - annual plan and no cancelation
Focus@Will,US,focusatwill-US-370,2013-11-27,1,Other (uncategorized),Fix it
Focus@Will,US,focusatwill-US-371,2013-11-26,1,UX / app bugs / reliability,Crashes
Focus@Will,US,focusatwill-US-373,2013-11-16,1,UX / app bugs / reliability,Won't run
Focus@Will,US,focusatwill-US-374,2013-10-28,1,UX / app bugs / reliability,Crashed at first launch
Focus@Will,US,focusatwill-US-375,2013-10-24,2,Other (uncategorized),I love the music but the app needs work
Focus@Will,US,focusatwill-US-378,2013-10-01,1,UX / app bugs / reliability,The app is broken
Focus@Will,US,focusatwill-US-380,2013-09-26,1,Billing / unauthorized charges / refund anger,Fix it!
Focus@Will,US,focusatwill-US-382,2013-09-20,3,Abandonware / not updated / no new-device support,Needs a update
Focus@Will,US,focusatwill-US-390,2013-09-11,3,UX / app bugs / reliability,I don't know if it works
Focus@Will,US,focusatwill-US-396,2013-09-05,3,Other (uncategorized),"I enjoy F@W, but this app seems redundant"
Focus@Will,US,focusatwill-US-413,2013-07-02,3,Feature removed / update regression,Really Does Help Focus
Focus@Will,US,focusatwill-US-415,2013-06-15,3,UX / app bugs / reliability,"Great potential, poor implementation"
Focus@Will,US,focusatwill-US-416,2013-06-13,3,UX / app bugs / reliability,Nice but buggy
Focus@Will,US,focusatwill-US-417,2013-06-06,2,UX / app bugs / reliability,Crashes and hangs constantly
Focus@Will,US,focusatwill-US-418,2013-06-06,2,UX / app bugs / reliability,More bugs then bug life
Focus@Will,US,focusatwill-US-421,2013-06-04,1,UX / app bugs / reliability,Crashes all the time
Focus@Will,US,focusatwill-US-423,2013-06-04,2,UX / app bugs / reliability,Quite unstable
Focus@Will,US,focusatwill-US-425,2013-06-03,1,UX / app bugs / reliability,Crashing
Focus@Will,US,focusatwill-US-426,2013-06-01,2,UX / app bugs / reliability,Interesting concept but...
Focus@Will,DE,focusatwill-DE-000,2025-08-23,1,UX / app bugs / reliability,Something went wrong
Focus@Will,DE,focusatwill-DE-001,2023-08-21,1,UX / app bugs / reliability,Very Bad
Focus@Will,DE,focusatwill-DE-002,2023-02-15,2,UX / app bugs / reliability,Tolles Konzept - aber naja
Focus@Will,DE,focusatwill-DE-003,2022-04-09,1,Other (uncategorized),"Disapointing, App stops Evelyn 3-5 min and needs to be restarted"
Focus@Will,DE,focusatwill-DE-004,2021-10-25,1,UX / app bugs / reliability,Crap app
Focus@Will,DE,focusatwill-DE-005,2021-07-23,1,UX / app bugs / reliability,Funktioniert nicht
Focus@Will,DE,focusatwill-DE-008,2019-09-05,2,UX / app bugs / reliability,Not usable with Airplay / HomePods
Focus@Will,DE,focusatwill-DE-011,2019-06-10,3,Repetitiveness / lack of variety,Immer die gleiche Musik
Focus@Will,DE,focusatwill-DE-012,2018-09-28,1,UX / app bugs / reliability,Not responsive
Focus@Will,DE,focusatwill-DE-013,2018-06-21,1,UX / app bugs / reliability,Schrott
Focus@Will,DE,focusatwill-DE-014,2018-05-25,1,UX / app bugs / reliability,Schrottige App
Focus@Will,DE,focusatwill-DE-015,2018-05-09,3,Repetitiveness / lack of variety,Kein Fortschritt
Focus@Will,DE,focusatwill-DE-016,2017-11-26,1,Abandonware / not updated / no new-device support,Nope
Focus@Will,DE,focusatwill-DE-018,2017-05-15,2,Repetitiveness / lack of variety,Langweilig und lahm
Focus@Will,DE,focusatwill-DE-020,2016-04-08,3,Price / value / paywall,Gut aber zu teuer
Focus@Will,DE,focusatwill-DE-021,2016-03-06,1,UX / app bugs / reliability,Good Idea ..
Focus@Will,DE,focusatwill-DE-022,2016-02-04,1,UX / app bugs / reliability,Funktioniert nicht immer
Focus@Will,DE,focusatwill-DE-027,2015-01-19,3,Other (uncategorized),Abbrüche
Focus@Will,DE,focusatwill-DE-028,2014-12-20,1,Price / value / paywall,Abonnement nach 30 Tagen
Focus@Will,DE,focusatwill-DE-029,2014-11-20,3,Other (uncategorized),Das geht besser
Focus@Will,DE,focusatwill-DE-032,2013-12-01,1,"Confusing / hard to figure out (onboarding, navigation)",Keine richtige app
Focus@Will,DE,focusatwill-DE-033,2013-11-11,1,Battery / data drain,App startet nicht
myNoise,US,mynoise-US-001,2026-08-19,3,UX / app bugs / reliability,Broken Present Menu
myNoise,US,mynoise-US-007,2026-07-02,1,Billing / unauthorized charges / refund anger,Used to be amazing
myNoise,US,mynoise-US-011,2026-06-15,3,Other (uncategorized),Not 100% sure
myNoise,US,mynoise-US-018,2026-05-05,1,"Confusing / hard to figure out (onboarding, navigation)",What am I missing??
myNoise,US,mynoise-US-022,2026-04-15,3,UX / app bugs / reliability,"Sometimes it works, sometimes it doesn’t"
myNoise,US,mynoise-US-029,2026-03-02,2,Other (uncategorized),Deleting app
myNoise,US,mynoise-US-032,2026-02-25,1,Feature removed / update regression,Latest Update Broke the App
myNoise,US,mynoise-US-042,2026-01-02,1,Price / value / paywall,Twenty dollar surprise
myNoise,US,mynoise-US-045,2025-12-17,2,UX / app bugs / reliability,No multi feature
myNoise,US,mynoise-US-046,2025-12-11,1,Repetitiveness / lack of variety,Bad
myNoise,US,mynoise-US-048,2025-11-21,2,UX / app bugs / reliability,Super Broken
myNoise,US,mynoise-US-049,2025-11-18,3,UX / app bugs / reliability,Great app but very glitchy and does not work with air pods:(
myNoise,US,mynoise-US-053,2025-11-08,2,UX / app bugs / reliability,Left channel stops
myNoise,US,mynoise-US-056,2025-11-06,1,UX / app bugs / reliability,PAID BUT DOESN’T WORK!
myNoise,US,mynoise-US-057,2025-11-05,2,Other (uncategorized),Missing the meditation bell for no reason
myNoise,US,mynoise-US-060,2025-10-17,1,UX / app bugs / reliability,Won’t open
myNoise,US,mynoise-US-061,2025-10-16,1,UX / app bugs / reliability,KEEPS MALFUNCTIONING!
myNoise,US,mynoise-US-069,2025-09-12,3,UX / app bugs / reliability,Missing old features
myNoise,US,mynoise-US-073,2025-07-13,2,"Paywall on launch / too little free content / ""not free""",Suddenly paywalled?
myNoise,US,mynoise-US-075,2025-07-08,3,UX / app bugs / reliability,Love but glitches
myNoise,US,mynoise-US-081,2025-06-16,3,UX / app bugs / reliability,Stops working
myNoise,US,mynoise-US-083,2025-06-11,3,UX / app bugs / reliability,NoNoise
myNoise,US,mynoise-US-085,2025-06-10,3,Feature removed / update regression,Stopped working
myNoise,US,mynoise-US-087,2025-06-08,1,UX / app bugs / reliability,Some soundscapes randomly stop working
myNoise,US,mynoise-US-088,2025-06-07,3,Other (uncategorized),Just okay
myNoise,US,mynoise-US-089,2025-06-01,1,UX / app bugs / reliability,The unlock all feature doesn’t work; causes the app to break
myNoise,US,mynoise-US-091,2025-05-29,1,Misleading advertising,‘No subscription’
myNoise,US,mynoise-US-092,2025-05-25,2,UX / app bugs / reliability,Needs work.
myNoise,US,mynoise-US-096,2025-05-23,2,UX / app bugs / reliability,Doesn’t open
myNoise,US,mynoise-US-106,2025-01-07,3,UX / app bugs / reliability,Crashes after awhile
myNoise,US,mynoise-US-111,2025-01-01,3,Other (uncategorized),all the things you left in your version but didn't include in ours
myNoise,US,mynoise-US-116,2024-11-19,1,Feature removed / update regression,Favorite factory sounds are no longer available
myNoise,US,mynoise-US-121,2024-11-09,3,UX / app bugs / reliability,I loved the original version of the ios app
myNoise,US,mynoise-US-125,2024-11-01,1,Subscription model resented (was one-time / went subscription),"New app, new subscription"
myNoise,DE,mynoise-DE-003,2026-02-15,2,"Paywall on launch / too little free content / ""not free""",Suddenly Pricey Pro version
myNoise,DE,mynoise-DE-010,2025-09-29,3,UX / app bugs / reliability,Stopping sound with Animation
myNoise,DE,mynoise-DE-012,2025-08-18,1,Price / value / paywall,Zu teuer
Noisli,US,noisli-US-001,2026-03-16,1,"""Doesn't work / no effect""",Stopped working-Sleepless in Seattle
Noisli,US,noisli-US-005,2025-03-15,1,Billing / unauthorized charges / refund anger,Cannot set timer!
Noisli,US,noisli-US-008,2024-11-24,1,Billing / unauthorized charges / refund anger,"Scam, don’t pay"
Noisli,US,noisli-US-009,2024-11-11,1,UX / app bugs / reliability,Won’t output sound to another device such as an Apple HomePod
Noisli,US,noisli-US-010,2024-06-05,3,Abandonware / not updated / no new-device support,Please update
Noisli,US,noisli-US-013,2024-01-26,2,Repetitiveness / lack of variety,Unimpressed
Noisli,US,noisli-US-015,2023-05-11,3,Other (uncategorized),Good but Old
Noisli,US,noisli-US-021,2021-06-28,3,UX / app bugs / reliability,Please adjust app size for iPhone 12 Pro Max
Noisli,US,noisli-US-022,2021-04-13,1,UX / app bugs / reliability,App crashes on launch every time
Noisli,US,noisli-US-023,2021-02-16,1,UX / app bugs / reliability,doesn’t work
Noisli,US,noisli-US-025,2020-11-09,1,UX / app bugs / reliability,Please fix iOS 14.2 bug/crash!
Noisli,US,noisli-US-026,2020-11-08,2,Abandonware / not updated / no new-device support,Crashes with iOS 14.2
Noisli,US,noisli-US-027,2020-09-14,3,Price / value / paywall,Good but shoulda saved the $2
Noisli,US,noisli-US-029,2020-06-25,3,Abandonware / not updated / no new-device support,Needs an update
Noisli,US,noisli-US-032,2020-03-29,3,"Missing platform / device support (Mac, watch, iPad, CarPlay…)",Basic but neat
Noisli,US,noisli-US-033,2020-03-03,2,Free alternatives exist (YouTube / free apps),Free apps that do the same thing
Noisli,US,noisli-US-035,2020-02-25,3,Repetitiveness / lack of variety,Not consistent
Noisli,US,noisli-US-038,2020-02-05,3,Other (uncategorized),Needs improvement
Noisli,US,noisli-US-044,2019-09-26,3,Abandonware / not updated / no new-device support,Is this app still supported?
Noisli,US,noisli-US-046,2019-07-30,3,UX / app bugs / reliability,Great and simple but....
Noisli,US,noisli-US-047,2019-07-28,2,"Missing platform / device support (Mac, watch, iPad, CarPlay…)",No HomePod Support
Noisli,US,noisli-US-048,2019-06-06,3,Abandonware / not updated / no new-device support,Please update
Noisli,US,noisli-US-050,2019-05-26,1,"Missing platform / device support (Mac, watch, iPad, CarPlay…)",Please allow landscape orientation
Noisli,US,noisli-US-053,2019-04-11,3,Abandonware / not updated / no new-device support,Please Please Please
Noisli,US,noisli-US-056,2019-03-12,2,Other (uncategorized),Fix the rain track!!
Noisli,US,noisli-US-057,2019-02-19,1,Feature removed / update regression,No longer works
Noisli,US,noisli-US-060,2019-01-24,2,Abandonware / not updated / no new-device support,Not bad but a bit dated
Noisli,US,noisli-US-062,2019-01-14,3,Other (uncategorized),"Helpful, with audio issues"
Noisli,US,noisli-US-067,2018-12-19,3,"Missing platform / device support (Mac, watch, iPad, CarPlay…)",Needs Landscape.
Noisli,US,noisli-US-069,2018-12-11,3,Abandonware / not updated / no new-device support,needs a bit more work
Noisli,US,noisli-US-073,2018-09-23,3,Missing feature: can't mix sounds / no customization,It’s ok.
Noisli,US,noisli-US-075,2018-07-11,1,Misleading advertising,"Sorry, false advertising!"
Noisli,US,noisli-US-076,2018-06-28,3,Other (uncategorized),Well designed app that lacks updates and active development
Noisli,US,noisli-US-077,2018-06-10,2,"Missing platform / device support (Mac, watch, iPad, CarPlay…)","Browser is best, then android, then ios"
Noisli,US,noisli-US-078,2018-04-07,3,UX / app bugs / reliability,Air Pod Incompatible?
Noisli,US,noisli-US-081,2018-01-08,3,Missing feature: can't mix sounds / no customization,Needs “Mix with other apps” feature
Noisli,US,noisli-US-088,2017-09-25,3,Other (uncategorized),Frog sounds
Noisli,US,noisli-US-089,2017-09-23,3,Price / value / paywall,Overpriced
Noisli,US,noisli-US-093,2017-05-12,2,Missing feature: can't mix sounds / no customization,Will not allow other audio to play simultaneously
Noisli,US,noisli-US-094,2017-04-23,3,Abandonware / not updated / no new-device support,Retina display resolution please
Noisli,US,noisli-US-096,2017-04-19,1,Billing / unauthorized charges / refund anger,Need updates
Noisli,US,noisli-US-098,2017-03-16,3,"Missing platform / device support (Mac, watch, iPad, CarPlay…)",Great app missing Web features
Noisli,US,noisli-US-099,2017-03-05,2,Other (uncategorized),App Not quite right
Noisli,US,noisli-US-106,2016-10-07,3,Audible loops / short loops / audio artifacts,"i love it, but..."
Noisli,US,noisli-US-108,2016-10-01,3,Other (uncategorized),Disappointed for sure
Noisli,US,noisli-US-109,2016-09-15,1,Missing feature: can't mix sounds / no customization,Still no random option?
Noisli,US,noisli-US-112,2016-08-30,3,Abandonware / not updated / no new-device support,Love it... But.
Noisli,US,noisli-US-115,2016-08-07,1,Account / login / restore,Don't sign in
Noisli,US,noisli-US-118,2016-07-22,2,Audible loops / short loops / audio artifacts,Some annoying things
Noisli,US,noisli-US-122,2016-06-08,3,"Missing platform / device support (Mac, watch, iPad, CarPlay…)","Well designed, with one big flaw"
Noisli,US,noisli-US-125,2016-04-25,3,Other (uncategorized),Engine sound crept in?
Noisli,US,noisli-US-129,2016-03-10,3,UX / app bugs / reliability,Awesome sounds--glitchy app
Noisli,US,noisli-US-130,2016-03-06,3,UX / app bugs / reliability,"Great noise generator, glitchy app."
Noisli,US,noisli-US-137,2015-11-25,3,Audible loops / short loops / audio artifacts,Eh
Noisli,US,noisli-US-138,2015-11-05,3,UX / app bugs / reliability,Volume slider stays on screen
Noisli,US,noisli-US-140,2015-10-15,1,UX / app bugs / reliability,Just crashes now
Noisli,US,noisli-US-144,2015-09-02,1,UX / app bugs / reliability,Crash
Noisli,US,noisli-US-145,2015-08-29,2,UX / app bugs / reliability,Nice design but sounds like a broken record
Noisli,US,noisli-US-146,2015-08-26,1,UX / app bugs / reliability,New version crashes
Noisli,US,noisli-US-148,2015-08-24,2,UX / app bugs / reliability,Web app is great but this is too buggy
Noisli,US,noisli-US-152,2015-06-16,3,UX / app bugs / reliability,Had to delete
Noisli,US,noisli-US-153,2015-05-23,2,UX / app bugs / reliability,Very buggy
Noisli,US,noisli-US-154,2015-05-23,3,Price / value / paywall,It's alright.
Noisli,US,noisli-US-170,2015-03-15,3,UX / app bugs / reliability,Timer does not work
Noisli,US,noisli-US-175,2015-03-07,1,Repetitiveness / lack of variety,Deleted it quickly
Noisli,US,noisli-US-177,2015-03-05,2,UX / app bugs / reliability,Why does it want to use cellular network?
Noisli,US,noisli-US-181,2015-02-24,3,Audible loops / short loops / audio artifacts,It could be better.
Noisli,US,noisli-US-182,2015-02-22,3,Audible loops / short loops / audio artifacts,It's ok.
Noisli,US,noisli-US-183,2015-02-21,3,UX / app bugs / reliability,Good option for customizable ambient noise.
Noisli,US,noisli-US-184,2015-02-21,3,Abandonware / not updated / no new-device support,Nice app but buggy
Noisli,US,noisli-US-187,2015-02-20,3,UX / app bugs / reliability,R u cereal
Noisli,US,noisli-US-196,2015-02-17,3,UX / app bugs / reliability,Not too shabby but not great either
Noisli,US,noisli-US-200,2015-02-16,2,Other (uncategorized),Only a few basic sounds
Noisli,US,noisli-US-204,2015-02-15,1,Free alternatives exist (YouTube / free apps),How sad (as in pathetic)
Noisli,US,noisli-US-215,2015-02-09,2,UX / app bugs / reliability,App size: 248MB. Seriously?!
Noisli,US,noisli-US-216,2015-01-24,3,Abandonware / not updated / no new-device support,Borichillin625
Noisli,US,noisli-US-221,2014-10-29,3,Other (uncategorized),Quality
Noisli,US,noisli-US-222,2014-10-12,3,Missing feature: can't mix sounds / no customization,"pretty nice for what it is, some minor flaws"
Noisli,US,noisli-US-223,2014-09-24,3,UX / app bugs / reliability,Great in many ways
Noisli,US,noisli-US-225,2014-09-04,1,UX / app bugs / reliability,Won't open
Noisli,DE,noisli-DE-000,2025-08-05,2,Sound quality / unpleasant sounds,Zum schlafen isses Nix :/
Noisli,DE,noisli-DE-001,2025-06-26,3,Price / value / paywall,Schade drum
Noisli,DE,noisli-DE-003,2022-06-19,2,Price / value / paywall,Very old fashioned interface
Noisli,DE,noisli-DE-004,2021-04-01,1,Abandonware / not updated / no new-device support,App startet nicht mehr...
Noisli,DE,noisli-DE-005,2021-01-18,3,Abandonware / not updated / no new-device support,Leider nicht optimiert für neuere Geräte
Noisli,DE,noisli-DE-006,2020-10-29,1,Abandonware / not updated / no new-device support,larger display Support missing
Noisli,DE,noisli-DE-007,2020-04-14,1,Other (uncategorized),No iPhone 11 support
Noisli,DE,noisli-DE-011,2019-01-24,1,Abandonware / not updated / no new-device support,Keine Anpassung an iPhone X Modelle!
Noisli,DE,noisli-DE-012,2019-01-22,1,Abandonware / not updated / no new-device support,iPhone X Anpassung fehlt
Noisli,DE,noisli-DE-014,2018-01-05,1,"""Doesn't work / no effect""",Waste of money
Noisli,DE,noisli-DE-019,2016-08-10,1,"Missing platform / device support (Mac, watch, iPad, CarPlay…)",Keine Combo mit Musik möglich
Noisli,DE,noisli-DE-024,2016-03-10,3,"Missing platform / device support (Mac, watch, iPad, CarPlay…)",Leider nicht fertig
Noisli,DE,noisli-DE-028,2015-11-11,2,Price / value / paywall,Najaa
Noisli,DE,noisli-DE-029,2015-11-02,3,Repetitiveness / lack of variety,Na ja...
Noisli,DE,noisli-DE-030,2015-08-16,1,Abandonware / not updated / no new-device support,Ehemals gute App
Noisli,DE,noisli-DE-031,2015-08-06,2,Abandonware / not updated / no new-device support,Schade ...
Noisli,DE,noisli-DE-032,2015-07-29,1,UX / app bugs / reliability,"ACHTUNG, App geht nicht ausführen. Nicht kaufen!"
Noisli,DE,noisli-DE-033,2015-05-28,3,Repetitiveness / lack of variety,Nicht schlecht
Noisli,DE,noisli-DE-034,2015-03-03,3,Sound quality / unpleasant sounds,ausreichend
Noisli,DE,noisli-DE-036,2015-02-18,1,Abandonware / not updated / no new-device support,Nicht laden!
Noisli,DE,noisli-DE-040,2014-06-28,3,Sound quality / unpleasant sounds,Ganz nett ...
Noisli,DE,noisli-DE-043,2014-05-18,3,Other (uncategorized),Meeresrauschen
Noisli,DE,noisli-DE-050,2014-05-12,2,Sound quality / unpleasant sounds,Ehm ja
Noisli,DE,noisli-DE-054,2014-05-11,2,UX / app bugs / reliability,Timer ...
Portal,US,portal-US-026,2026-06-01,2,Free alternatives exist (YouTube / free apps),Connection Issues with Phillips Hue
Portal,US,portal-US-027,2026-05-31,3,Price / value / paywall,Few Free Options
Portal,US,portal-US-037,2026-03-27,1,Other (uncategorized),Subscription
Portal,US,portal-US-040,2026-02-26,1,Price / value / paywall,This is the most amazing app but unfortunately it’s so expensive you c
Portal,US,portal-US-043,2026-02-20,3,Sound quality / unpleasant sounds,Nothing bad to say
Portal,US,portal-US-045,2026-02-17,1,Billing / unauthorized charges / refund anger,Video Disappears
Portal,US,portal-US-046,2026-02-12,2,Abandonware / not updated / no new-device support,Not worth a subscription
Portal,US,portal-US-048,2026-02-05,2,Account / login / restore,annoying repeating Restore issue
Portal,US,portal-US-051,2026-01-18,3,"Confusing / hard to figure out (onboarding, navigation)",Temper your expectations if you're not rich
Portal,US,portal-US-059,2025-12-11,2,"Paywall on launch / too little free content / ""not free""",Pas ouf
Portal,US,portal-US-064,2025-11-23,2,Price / value / paywall,Too Expensive
Portal,US,portal-US-066,2025-11-07,2,Price / value / paywall,$13/month for a screen saver
Portal,US,portal-US-067,2025-11-03,3,"Missing platform / device support (Mac, watch, iPad, CarPlay…)",Almost perfect
Portal,US,portal-US-070,2025-10-27,3,Missing feature: can't mix sounds / no customization,Great content - poorly designed designed navigation/saving/sharing
Portal,US,portal-US-078,2025-09-28,3,Other (uncategorized),Would be better without spelling errors
Portal,US,portal-US-082,2025-09-18,2,Price / value / paywall,Love the idea but way too expensive
Portal,US,portal-US-084,2025-09-15,2,Price / value / paywall,Should not be a subscription or be that expensive
Portal,US,portal-US-092,2025-08-24,1,"Paywall on launch / too little free content / ""not free""",No free
Portal,US,portal-US-097,2025-08-14,1,Free alternatives exist (YouTube / free apps),Too expensive
Portal,US,portal-US-110,2025-07-08,1,Other (uncategorized),It’s a sound machine
Portal,US,portal-US-116,2025-06-14,3,Feature removed / update regression,"Good, but pricey"
Portal,US,portal-US-120,2025-05-27,1,Price / value / paywall,Love it but too expensive
Portal,US,portal-US-121,2025-05-23,3,Abandonware / not updated / no new-device support,Good but destinations not updated enough
Portal,US,portal-US-128,2025-04-16,3,Price / value / paywall,Good App…but
Portal,US,portal-US-133,2025-03-27,1,"Confusing / hard to figure out (onboarding, navigation)",Close your app.
Portal,US,portal-US-144,2025-02-24,1,Free alternatives exist (YouTube / free apps),Overpriced Monthly Subscription
Portal,US,portal-US-156,2025-02-05,3,Price / value / paywall,Very limited without premium subscription
Portal,US,portal-US-165,2025-01-01,3,Repetitiveness / lack of variety,"Beautiful sounds, but mostly pointless"
Portal,US,portal-US-170,2024-12-05,3,Price / value / paywall,Not bad - I just need a little more to justify it.
Portal,US,portal-US-173,2024-11-23,3,Billing / unauthorized charges / refund anger,Refund
Portal,US,portal-US-182,2024-10-22,3,Repetitiveness / lack of variety,Just okay
Portal,US,portal-US-196,2024-08-06,2,Price / value / paywall,Tooooo expensive
Portal,US,portal-US-205,2024-07-12,1,"Missing platform / device support (Mac, watch, iPad, CarPlay…)",no wallpapers
Portal,US,portal-US-206,2024-07-10,3,Price / value / paywall,"Too expensive, needs more content"
Portal,US,portal-US-211,2024-06-16,2,Free alternatives exist (YouTube / free apps),Free version is a big zero!
Portal,US,portal-US-213,2024-06-12,1,Free alternatives exist (YouTube / free apps),Any Youtube video - Wallpaper Play is free
Portal,US,portal-US-215,2024-05-27,1,"Paywall on launch / too little free content / ""not free""",Everything behind an overpriced paywall.
Portal,US,portal-US-221,2024-05-10,1,UX / app bugs / reliability,Crashed my system
Portal,US,portal-US-225,2024-04-30,2,UX / app bugs / reliability,Always crashed Macbook
Portal,US,portal-US-231,2024-04-05,3,"Missing platform / device support (Mac, watch, iPad, CarPlay…)",Great app
Portal,US,portal-US-233,2024-04-01,2,Price / value / paywall,Portal review
Portal,US,portal-US-238,2024-03-09,3,Upsell / ads / nagging in-app,"It’s good, but I think I’m doing something wrong…😭"
Portal,US,portal-US-240,2024-03-09,2,Price / value / paywall,aggressive monetization prices
Portal,US,portal-US-255,2024-02-05,3,UX / app bugs / reliability,Doesn't Always Work
Portal,US,portal-US-258,2024-01-31,1,Price / value / paywall,No
Portal,US,portal-US-271,2024-01-03,3,Account / login / restore,updated version
Portal,US,portal-US-280,2023-12-11,1,Price / value / paywall,Greedy as fk
Portal,US,portal-US-281,2023-12-08,3,UX / app bugs / reliability,"Love it, some small bugs"
Portal,US,portal-US-289,2023-11-24,3,Repetitiveness / lack of variety,I did uninstall
Portal,US,portal-US-291,2023-11-19,3,Price / value / paywall,It's a neat concept
Portal,US,portal-US-292,2023-11-19,2,Battery / data drain,Battery drain
Portal,US,portal-US-293,2023-11-15,1,Price / value / paywall,Not Worth
Portal,US,portal-US-294,2023-11-13,2,Abandonware / not updated / no new-device support,No support
Portal,US,portal-US-301,2023-10-07,1,Abandonware / not updated / no new-device support,Unsupported for no reason
Portal,US,portal-US-302,2023-10-01,1,Price / value / paywall,Unable to Try for Free
Portal,US,portal-US-305,2023-09-20,1,"Paywall on launch / too little free content / ""not free""",not free
Portal,US,portal-US-318,2023-07-21,3,UX / app bugs / reliability,"Hi, I wonder if there’s …"
Portal,US,portal-US-322,2023-07-18,1,Other (uncategorized),Complete Garbage
Portal,US,portal-US-323,2023-07-17,2,UX / app bugs / reliability,"Resource hog with fake ""7 day trial"""
Portal,US,portal-US-327,2023-07-11,1,"Missing platform / device support (Mac, watch, iPad, CarPlay…)",Subscribe To Try
Portal,US,portal-US-329,2023-07-10,1,"Paywall on launch / too little free content / ""not free""",Waste of time
Portal,US,portal-US-331,2023-07-10,2,"Missing platform / device support (Mac, watch, iPad, CarPlay…)",Needs to support Doby Atmos via Homepodes
Portal,US,portal-US-339,2023-06-22,3,Price / value / paywall,"Works well, but I think it's overpriced"
Portal,US,portal-US-355,2023-06-04,3,Free alternatives exist (YouTube / free apps),Not really worth the money
Portal,US,portal-US-360,2023-06-03,2,Cancellation difficulty,Shockingly Expensive For What You Get
Portal,US,portal-US-362,2023-06-01,1,Other (uncategorized),subscription
Portal,US,portal-US-363,2023-05-31,2,UX / app bugs / reliability,Does not work?
Portal,US,portal-US-364,2023-05-31,2,UX / app bugs / reliability,Too many pet peeves
Portal,US,portal-US-365,2023-05-30,1,Account / login / restore,No trial content without signing up
Portal,US,portal-US-366,2023-05-29,3,Other (uncategorized),Can we get a sample?
Portal,US,portal-US-391,2023-03-27,3,Other (uncategorized),Subscription? BFFR!
Portal,US,portal-US-394,2023-03-12,2,"Missing platform / device support (Mac, watch, iPad, CarPlay…)",I want to love this app …
Portal,US,portal-US-396,2023-03-03,3,UX / app bugs / reliability,Shrill birds break my brain and other issues
Portal,US,portal-US-400,2023-02-13,3,Free alternatives exist (YouTube / free apps),YouTube
Portal,US,portal-US-409,2023-01-19,2,Feature removed / update regression,"Nice idea, 2 issues"
Portal,US,portal-US-411,2023-01-19,3,Other (uncategorized),Just one feature missing for me.
Portal,US,portal-US-415,2023-01-12,1,UX / app bugs / reliability,Choppy sound
Portal,US,portal-US-417,2023-01-10,3,Price / value / paywall,Change subscription to individual purchases
Portal,US,portal-US-420,2022-12-27,3,Free alternatives exist (YouTube / free apps),"Really cool, way too expensive"
Portal,US,portal-US-422,2022-12-20,3,Free alternatives exist (YouTube / free apps),"Great app, bit too expensive."
Portal,US,portal-US-426,2022-12-10,2,UX / app bugs / reliability,Spatial Audio does NOT work
Portal,US,portal-US-428,2022-11-29,2,"Missing platform / device support (Mac, watch, iPad, CarPlay…)",Spatial Audio not working
Portal,US,portal-US-429,2022-11-14,3,Price / value / paywall,$9.99 month..
Portal,US,portal-US-433,2022-11-06,1,UX / app bugs / reliability,Sleep Function Doesn’t Work
Portal,US,portal-US-434,2022-10-25,2,Free alternatives exist (YouTube / free apps),expensive
Portal,US,portal-US-441,2022-08-24,3,Price / value / paywall,Great Sounds But Expensive
Portal,US,portal-US-443,2022-08-21,3,Price / value / paywall,Great app. Subscription based.
Portal,US,portal-US-444,2022-08-19,2,Sound quality / unpleasant sounds,"Great UI design, sub par audio"
Portal,US,portal-US-446,2022-08-16,3,Price / value / paywall,Wildly overpriced
Portal,US,portal-US-447,2022-08-15,1,Billing / unauthorized charges / refund anger,Subscription
Portal,US,portal-US-448,2022-08-06,1,Billing / unauthorized charges / refund anger,Selected the Free Trial andwas charged $9.99
Portal,US,portal-US-450,2022-07-29,1,Repetitiveness / lack of variety,Addl worthy sounds
Portal,US,portal-US-457,2022-07-14,1,Sound quality / unpleasant sounds,Meh.
Portal,US,portal-US-468,2022-05-22,3,Free alternatives exist (YouTube / free apps),7 day free trial isn’t 7 days
Portal,US,portal-US-472,2022-04-28,1,UX / app bugs / reliability,App won’t Download
Portal,US,portal-US-473,2022-04-28,1,Billing / unauthorized charges / refund anger,Ca$h Grab
Portal,US,portal-US-476,2022-04-19,2,Misleading advertising,Where are the one time pay options?
Portal,US,portal-US-483,2022-02-19,3,"Missing platform / device support (Mac, watch, iPad, CarPlay…)",Voiceover accessability
Portal,US,portal-US-493,2022-01-01,1,Free alternatives exist (YouTube / free apps),Can listen for free on other devices.
Portal,US,portal-US-498,2021-12-14,2,Price / value / paywall,Ridiculous price
Portal,DE,portal-DE-001,2026-07-17,2,Repetitiveness / lack of variety,Its nice but repeating itsself After 1 of 2 minutes - i downloaded the
Portal,DE,portal-DE-003,2026-07-15,2,Price / value / paywall,Viel zu teuer
Portal,DE,portal-DE-005,2026-06-07,1,Account / login / restore,Licht Synchronisation
Portal,DE,portal-DE-014,2026-01-05,1,UX / app bugs / reliability,Does not work
Portal,DE,portal-DE-023,2025-08-17,3,Repetitiveness / lack of variety,Ganz gut…
Portal,DE,portal-DE-028,2025-04-18,2,Subscription model resented (was one-time / went subscription),Leider viel zu teuer.
Portal,DE,portal-DE-031,2025-02-22,2,Account / login / restore,Family sharing not working
Portal,DE,portal-DE-036,2024-08-10,1,Price / value / paywall,teuer
Portal,DE,portal-DE-038,2024-04-24,3,Price / value / paywall,every thing nice but the Price
Portal,DE,portal-DE-041,2024-04-07,2,Abandonware / not updated / no new-device support,It is just bad
Portal,DE,portal-DE-045,2024-02-26,1,"Missing platform / device support (Mac, watch, iPad, CarPlay…)",resets my wallpaper every single time
Portal,DE,portal-DE-052,2023-12-09,2,Price / value / paywall,Sehr schöne Idee gut umgesetzt ! Aber....
Portal,DE,portal-DE-055,2023-11-08,3,Price / value / paywall,Nicht schlecht
Portal,DE,portal-DE-056,2023-07-11,1,Other (uncategorized),it suppose to be free but tries to get your money the moment your star
Portal,DE,portal-DE-060,2023-05-26,1,Free alternatives exist (YouTube / free apps),Kann nicht einer Probieren
Portal,DE,portal-DE-061,2023-04-02,2,Repetitiveness / lack of variety,"Ganz nett, mehr aber auch nicht."
Portal,DE,portal-DE-062,2022-12-16,1,Price / value / paywall,Zu Teuer
Portal,DE,portal-DE-063,2022-09-05,2,Price / value / paywall,Super App aber völlig überteuert
Portal,DE,portal-DE-065,2022-07-09,1,Repetitiveness / lack of variety,Drauf und wieder runter
Portal,DE,portal-DE-068,2021-12-16,1,Sound quality / unpleasant sounds,Enttäuschend ohne Bezahlung
Portal,DE,portal-DE-071,2021-08-09,3,Other (uncategorized),Nice App …
Portal,DE,portal-DE-072,2021-07-26,2,UX / app bugs / reliability,Nur wenn das Display an ist
Portal,DE,portal-DE-073,2021-06-04,3,Price / value / paywall,Wunderschöne Oberfläche aber unverschämt teuer
Portal,DE,portal-DE-075,2021-04-10,3,Price / value / paywall,"Schön gemacht, aber no-go-Preismodell"
Portal,DE,portal-DE-078,2021-02-21,2,Repetitiveness / lack of variety,"...nett, aber"
Portal,DE,portal-DE-082,2021-01-02,2,Other (uncategorized),"Der übliche Genremix, mehr nicht"
Portal,DE,portal-DE-083,2020-12-12,2,UX / app bugs / reliability,Can not use it with my hue setup
Portal,DE,portal-DE-086,2020-12-04,1,Price / value / paywall,Toll aber teuer
Portal,DE,portal-DE-089,2020-10-06,3,Subscription model resented (was one-time / went subscription),Tolle App - aber im Abo zu teuer
Portal,DE,portal-DE-090,2020-10-06,1,Other (uncategorized),Schade
Portal,DE,portal-DE-092,2020-09-08,1,Price / value / paywall,"€ 34,99 per year"
Portal,DE,portal-DE-093,2020-08-18,1,Feature removed / update regression,Nach Update NUTZLOS !!
Portal,DE,portal-DE-095,2020-08-15,1,Other (uncategorized),Wo sind meine bezahlten Töne
Portal,DE,portal-DE-096,2020-08-14,3,Repetitiveness / lack of variety,"Gut gemacht, aber viel zu teuer"
Portal,DE,portal-DE-105,2020-06-23,3,UX / app bugs / reliability,Tracker inside... :-(
Mubert,US,mubert-US-001,2025-01-04,1,UX / app bugs / reliability,Absolute doo doo
Mubert,US,mubert-US-002,2024-07-02,1,Account / login / restore,Issue with premium
Mubert,US,mubert-US-003,2024-05-14,1,Account / login / restore,Useless
Mubert,US,mubert-US-006,2024-01-03,3,UX / app bugs / reliability,Share Video and favorites does not seem to work
Mubert,US,mubert-US-009,2023-08-07,2,"Missing platform / device support (Mac, watch, iPad, CarPlay…)",Premium device dependent?
Mubert,US,mubert-US-010,2023-07-09,1,Other (uncategorized),Meh
Mubert,US,mubert-US-011,2023-06-17,2,UX / app bugs / reliability,Slow
Mubert,US,mubert-US-012,2023-06-08,1,Account / login / restore,Never sends initial sign up email
Mubert,US,mubert-US-013,2023-05-03,1,"Confusing / hard to figure out (onboarding, navigation)",Instructions?
Mubert,US,mubert-US-014,2023-04-28,3,No offline / streaming-only,Ok…
Mubert,US,mubert-US-015,2023-03-03,1,"Confusing / hard to figure out (onboarding, navigation)",Maybe I’m stupid but this is whatever
Mubert,US,mubert-US-017,2023-02-04,3,Price / value / paywall,It’s alright
Mubert,US,mubert-US-018,2023-01-10,3,UX / app bugs / reliability,I LOVE this app and it frustrates me to no end - it crashes!
Mubert,US,mubert-US-022,2022-06-13,2,UX / app bugs / reliability,more frustrating than enjoyable
Mubert,US,mubert-US-023,2022-04-24,3,"Missing platform / device support (Mac, watch, iPad, CarPlay…)",IpadOS version issues
Mubert,US,mubert-US-025,2022-02-08,3,Upsell / ads / nagging in-app,The lofi is alright
Mubert,US,mubert-US-027,2022-01-04,2,Billing / unauthorized charges / refund anger,Cool App. But Don’t Subscribe.
Mubert,US,mubert-US-028,2021-07-30,3,"AI-generated music distaste (""soulless"")","Great selection + features, bad navigation"
Mubert,US,mubert-US-029,2021-07-07,3,Free alternatives exist (YouTube / free apps),Better than most but has succumbed to simple downfalls
Mubert,US,mubert-US-031,2021-02-25,1,Feature removed / update regression,Was great but after update 🤔
Mubert,US,mubert-US-033,2021-01-14,2,UX / app bugs / reliability,Glitchy
Mubert,US,mubert-US-035,2020-12-23,2,Account / login / restore,Love Mubert! One small issue...
Mubert,US,mubert-US-037,2020-10-05,3,UX / app bugs / reliability,Good but keeps stopping
Mubert,US,mubert-US-038,2020-09-24,2,Other (uncategorized),Secret
Mubert,US,mubert-US-039,2020-07-29,3,Other (uncategorized),Sleep Timer
Mubert,US,mubert-US-044,2020-06-12,3,UX / app bugs / reliability,Needs a timer
Mubert,US,mubert-US-045,2020-05-28,3,"Missing platform / device support (Mac, watch, iPad, CarPlay…)",NO Landscape Screen Orientation - IPad (Really Guys?).....
Mubert,US,mubert-US-047,2020-05-25,3,"Missing platform / device support (Mac, watch, iPad, CarPlay…)",For God’s Sake
Mubert,US,mubert-US-051,2020-03-16,2,Feature removed / update regression,Kinda sounds like you want to replace real musical artists
Mubert,US,mubert-US-053,2020-03-14,1,Misleading advertising,Shady Business Practices
Mubert,US,mubert-US-054,2020-03-10,2,Account / login / restore,Not True AI
Mubert,US,mubert-US-058,2020-02-27,3,Account / login / restore,Great App - But no Password AutoFill or Pasting
Mubert,US,mubert-US-061,2020-02-11,3,Battery / data drain,"Data hungry, no ""feel"" app responds to like or dislike input"
Mubert,US,mubert-US-064,2020-02-02,1,Cancellation difficulty,Another app as a service. Avoid.
Mubert,US,mubert-US-065,2020-01-31,2,Account / login / restore,Keep getting signed out
Mubert,US,mubert-US-066,2020-01-30,2,Subscription model resented (was one-time / went subscription),Boycott Subscriptions
Mubert,US,mubert-US-068,2020-01-22,1,Other (uncategorized),Crap
Mubert,US,mubert-US-069,2020-01-15,3,Account / login / restore,I Want 2 Like this... 🧟‍♀️♿️
Mubert,US,mubert-US-070,2020-01-10,1,UX / app bugs / reliability,Doesn’t launch
Mubert,US,mubert-US-072,2019-12-31,1,Billing / unauthorized charges / refund anger,Dissatisfied with the way this company handles problems
Mubert,US,mubert-US-073,2019-12-19,1,Billing / unauthorized charges / refund anger,Fraud! Over charged by 3x
Mubert,US,mubert-US-074,2019-12-13,1,Feature removed / update regression,Broken
Mubert,US,mubert-US-078,2019-12-07,1,Other (uncategorized),Contains nudity
Mubert,US,mubert-US-079,2019-11-26,3,Account / login / restore,Good music but
Mubert,US,mubert-US-080,2019-11-25,2,UX / app bugs / reliability,Does not work consistently unless actively using app
Mubert,US,mubert-US-084,2019-11-19,1,Account / login / restore,Can’t create account
Mubert,US,mubert-US-085,2019-11-15,1,No offline / streaming-only,Online only
Mubert,US,mubert-US-091,2019-11-13,3,Other (uncategorized),Just the Backround?
Mubert,US,mubert-US-092,2019-11-13,1,Repetitiveness / lack of variety,No.
Mubert,US,mubert-US-093,2019-11-13,1,Subscription model resented (was one-time / went subscription),Subscription? Nope.
Mubert,US,mubert-US-094,2019-11-13,1,"AI-generated music distaste (""soulless"")",Why would I want to listen to to some randomly generated “music” with 
Mubert,US,mubert-US-095,2019-11-13,3,"Confusing / hard to figure out (onboarding, navigation)",Really like this but lots of room to improve.
Mubert,US,mubert-US-096,2019-11-13,1,"Paywall on launch / too little free content / ""not free""",Serious paywall / subscription based app
Mubert,US,mubert-US-101,2019-09-06,2,Cancellation difficulty,Developer doesn’t respond
Mubert,US,mubert-US-103,2019-08-14,1,Repetitiveness / lack of variety,This app is absolute dog crap.
Mubert,US,mubert-US-108,2019-07-23,2,Account / login / restore,$70 without a test drive? Nah
Mubert,US,mubert-US-110,2019-07-20,1,"Paywall on launch / too little free content / ""not free""",Nothing Generative about it
Mubert,US,mubert-US-111,2019-07-17,1,Upsell / ads / nagging in-app,Forced Notifications: Instant Delete
Mubert,US,mubert-US-113,2019-07-14,1,Other (uncategorized),Experimental Headache
Mubert,US,mubert-US-117,2019-05-08,3,"Missing platform / device support (Mac, watch, iPad, CarPlay…)",Unable to view secret channel
Mubert,US,mubert-US-121,2019-02-11,3,UX / app bugs / reliability,Potential
Mubert,US,mubert-US-124,2018-12-10,2,Other (uncategorized),Only Genres option
Mubert,US,mubert-US-125,2018-10-19,2,UX / app bugs / reliability,Good while it works
Mubert,US,mubert-US-128,2018-08-25,1,"Confusing / hard to figure out (onboarding, navigation)",?
Mubert,US,mubert-US-129,2018-07-22,2,Other (uncategorized),Stopped working
Mubert,US,mubert-US-130,2018-07-21,3,UX / app bugs / reliability,Weird bug
Mubert,US,mubert-US-131,2018-03-11,2,Other (uncategorized),When it works....
Mubert,US,mubert-US-137,2018-02-27,3,Repetitiveness / lack of variety,Really impressive but
Mubert,DE,mubert-DE-000,2024-05-17,3,"Missing platform / device support (Mac, watch, iPad, CarPlay…)",AppleTV
Mubert,DE,mubert-DE-001,2024-05-08,2,UX / app bugs / reliability,Buggy
Mubert,DE,mubert-DE-002,2024-04-17,1,Account / login / restore,Not ussble on iPad
Mubert,DE,mubert-DE-003,2023-01-25,3,UX / app bugs / reliability,"Tut was es soll, oft Buggy"
Mubert,DE,mubert-DE-004,2022-02-07,3,Price / value / paywall,This is a nice experiment but not (yet) comparable to human music
Mubert,DE,mubert-DE-005,2021-12-04,1,UX / app bugs / reliability,"no more ""share""?! ..."
Mubert,DE,mubert-DE-006,2021-05-17,3,"Missing platform / device support (Mac, watch, iPad, CarPlay…)",AirPlay…AirPlay…AirPlay
Mubert,DE,mubert-DE-010,2020-07-28,1,"Missing platform / device support (Mac, watch, iPad, CarPlay…)",Kein AirPlay-Support
Mubert,DE,mubert-DE-018,2019-07-31,3,UX / app bugs / reliability,Awesome! But...
Mubert,DE,mubert-DE-019,2019-07-20,1,Billing / unauthorized charges / refund anger,70€
Dark Noise,US,darknoise-US-001,2026-07-15,2,Price / value / paywall,Too expensive
Dark Noise,US,darknoise-US-002,2026-07-06,1,"Paywall on launch / too little free content / ""not free""",Prevents closure
Dark Noise,US,darknoise-US-003,2026-06-30,1,"Paywall on launch / too little free content / ""not free""",Not a free app
Dark Noise,US,darknoise-US-004,2026-06-28,1,"Paywall on launch / too little free content / ""not free""",Free Plan is Useless
Dark Noise,US,darknoise-US-008,2026-05-22,1,"Paywall on launch / too little free content / ""not free""",Useless app after turning to a subscription only app
Dark Noise,US,darknoise-US-010,2026-03-17,1,Other (uncategorized),It will not delete!
Dark Noise,US,darknoise-US-012,2026-02-24,2,Customer support,Good app horrible dev support
Dark Noise,US,darknoise-US-015,2026-01-22,1,Other (uncategorized),Can’t get your icon off my computer screen
Dark Noise,US,darknoise-US-018,2025-12-28,2,"Missing platform / device support (Mac, watch, iPad, CarPlay…)",Fix AirPlay
Dark Noise,US,darknoise-US-019,2025-12-18,2,Cancellation difficulty,Reverted Back to Trial After Payment
Dark Noise,US,darknoise-US-020,2025-12-07,1,Upsell / ads / nagging in-app,Obnoxious
Dark Noise,US,darknoise-US-022,2025-10-17,2,Price / value / paywall,Good UI but ridiculous IAP price
Dark Noise,US,darknoise-US-023,2025-10-10,1,Other (uncategorized),Charge for free trial.
Dark Noise,US,darknoise-US-026,2025-08-19,3,Upsell / ads / nagging in-app,Awesome App; falsely advertises Menu Bar support
Dark Noise,US,darknoise-US-027,2025-06-27,1,Upsell / ads / nagging in-app,Nope
Dark Noise,US,darknoise-US-036,2025-01-28,1,"Paywall on launch / too little free content / ""not free""",not free dark noise
Dark Noise,US,darknoise-US-039,2025-01-15,1,UX / app bugs / reliability,Repeating sounds
Dark Noise,US,darknoise-US-042,2025-01-06,3,Sound quality / unpleasant sounds,Brown noise isn’t consistent
Dark Noise,US,darknoise-US-047,2024-12-09,3,Billing / unauthorized charges / refund anger,Somehow Lost My Subscription???
Dark Noise,US,darknoise-US-050,2024-12-08,1,Repetitiveness / lack of variety,low selection
Dark Noise,US,darknoise-US-051,2024-12-08,3,Other (uncategorized),Why I Am Rating a 3 For Dark Noise.
Dark Noise,US,darknoise-US-056,2024-10-26,2,Repetitiveness / lack of variety,Good I guess
Dark Noise,US,darknoise-US-059,2024-09-30,1,"Paywall on launch / too little free content / ""not free""",Scam
Dark Noise,US,darknoise-US-060,2024-09-27,1,"""Doesn't work / no effect""",Expensive and useless
Dark Noise,US,darknoise-US-061,2024-09-21,1,Other (uncategorized),"Doesn't have ""dark noise"" as an option"
Dark Noise,US,darknoise-US-064,2024-08-11,1,"""Doesn't work / no effect""",$19.99/year Price not shown until you run it.
Dark Noise,US,darknoise-US-066,2024-08-01,1,Other (uncategorized),deleted all my custom mixes randomly
Dark Noise,US,darknoise-US-067,2024-07-12,2,UX / app bugs / reliability,My Mixes are all gone!
Dark Noise,US,darknoise-US-069,2024-06-17,1,"Paywall on launch / too little free content / ""not free""",Other free apps are much better
Dark Noise,US,darknoise-US-070,2024-06-11,1,Subscription model resented (was one-time / went subscription),Subscription?! N.O.
Dark Noise,US,darknoise-US-071,2024-05-20,1,Other (uncategorized),Dark noise app
Dark Noise,US,darknoise-US-072,2024-05-05,1,Account / login / restore,Trash
Dark Noise,US,darknoise-US-075,2024-04-17,1,Price / value / paywall,almost $2 a month???
Dark Noise,US,darknoise-US-078,2024-03-13,3,Price / value / paywall,Unecessary movement to subscription model
Dark Noise,US,darknoise-US-083,2024-02-19,2,Audible loops / short loops / audio artifacts,"The sounds are not high quality, they have. crackles and skip like scr"
Dark Noise,US,darknoise-US-085,2024-01-15,1,"Paywall on launch / too little free content / ""not free""",Put subscription fees in the first line
Dark Noise,US,darknoise-US-086,2024-01-10,1,Subscription model resented (was one-time / went subscription),Original Customer (Lifetime Membership Needed)
Dark Noise,US,darknoise-US-087,2024-01-06,1,Billing / unauthorized charges / refund anger,Scam. Always Trying to Rip Me Off.
Dark Noise,US,darknoise-US-092,2023-12-02,3,Upsell / ads / nagging in-app,"Well built, poor quality sounds"
Dark Noise,US,darknoise-US-098,2023-11-06,1,Price / value / paywall,Prices
Dark Noise,US,darknoise-US-099,2023-10-30,1,UX / app bugs / reliability,Airplay doesn’t work. What’s the point?
Dark Noise,US,darknoise-US-102,2023-10-08,1,Free alternatives exist (YouTube / free apps),Not Worth It
Dark Noise,US,darknoise-US-103,2023-10-03,1,Price / value / paywall,Yearly subscription is not expensive
Dark Noise,US,darknoise-US-104,2023-09-27,3,Other (uncategorized),Thanks for remastering sounds!
Dark Noise,US,darknoise-US-110,2023-09-19,1,Free alternatives exist (YouTube / free apps),A subscription model?
Dark Noise,US,darknoise-US-114,2023-08-30,1,Sound quality / unpleasant sounds,It went subscription
Dark Noise,US,darknoise-US-122,2023-04-11,3,Feature removed / update regression,Don't like the new remastered Rain sound
Dark Noise,US,darknoise-US-128,2023-04-04,1,Repetitiveness / lack of variety,"CHEATED by the developers, reporting this to Apple"
Dark Noise,US,darknoise-US-129,2023-04-03,2,Sound quality / unpleasant sounds,"""Remastered"" sounds are distracting"
Dark Noise,US,darknoise-US-130,2023-04-03,1,Price / value / paywall,Gone subscription.
Dark Noise,US,darknoise-US-131,2023-04-03,1,Other (uncategorized),You
Dark Noise,US,darknoise-US-134,2023-03-11,2,Sound quality / unpleasant sounds,LOW QUALITY SOUNDS.
Dark Noise,US,darknoise-US-140,2023-01-18,1,Sound quality / unpleasant sounds,Unpleasant sounds with little customization
Dark Noise,US,darknoise-US-142,2023-01-04,3,Price / value / paywall,No heartbeat sound?
Dark Noise,US,darknoise-US-143,2023-01-02,2,UX / app bugs / reliability,Siri Shortcuts no longer work
Dark Noise,US,darknoise-US-146,2022-12-12,2,Sound quality / unpleasant sounds,Ui is great. Sounds are LACKING
Dark Noise,US,darknoise-US-152,2022-11-08,1,Repetitiveness / lack of variety,I expected more for that price
Dark Noise,US,darknoise-US-163,2022-08-23,1,UX / app bugs / reliability,terrible
Dark Noise,US,darknoise-US-171,2022-05-06,3,Account / login / restore,"Great app, but needs improved audio quality"
Dark Noise,US,darknoise-US-178,2021-11-21,2,Sound quality / unpleasant sounds,This app woke me up
Dark Noise,US,darknoise-US-182,2021-08-06,1,UX / app bugs / reliability,What happened?
Dark Noise,US,darknoise-US-213,2020-12-19,2,UX / app bugs / reliability,Sound shuts off
Dark Noise,US,darknoise-US-214,2020-12-14,1,Billing / unauthorized charges / refund anger,Rip off
Dark Noise,US,darknoise-US-218,2020-10-25,1,Other (uncategorized),Destroys your battery
Dark Noise,US,darknoise-US-225,2020-09-20,3,"Missing platform / device support (Mac, watch, iPad, CarPlay…)",Background Usage
Dark Noise,US,darknoise-US-228,2020-09-02,2,UX / app bugs / reliability,Air play doesn’t work
Dark Noise,US,darknoise-US-234,2020-07-22,3,Audible loops / short loops / audio artifacts,[Almost] all sounds are monaural
Dark Noise,US,darknoise-US-241,2020-05-07,3,"Missing platform / device support (Mac, watch, iPad, CarPlay…)",Overall a nice app but its not without issues.
Dark Noise,US,darknoise-US-246,2020-03-27,1,Missing feature: can't mix sounds / no customization,Can’t mix audio
Dark Noise,US,darknoise-US-250,2020-02-10,3,Missing feature: can't mix sounds / no customization,"Nice little app, wish I could mix sounds together"
Dark Noise,US,darknoise-US-255,2020-01-29,2,Billing / unauthorized charges / refund anger,Wanted to like it but iPhone version is buggy
Dark Noise,US,darknoise-US-274,2019-10-12,2,Sound quality / unpleasant sounds,"Great UI, but the sounds aren’t very good"
Dark Noise,US,darknoise-US-275,2019-10-07,3,Missing feature: can't mix sounds / no customization,Can’t mix sound together
Dark Noise,US,darknoise-US-283,2019-09-18,3,Repetitiveness / lack of variety,Could add more
Dark Noise,US,darknoise-US-286,2019-09-08,3,Audible loops / short loops / audio artifacts,Sound quality is off
Dark Noise,US,darknoise-US-289,2019-09-03,3,Missing feature: can't mix sounds / no customization,Pretty decent. Needs a mixer.
Dark Noise,DE,darknoise-DE-000,2026-04-28,1,"Paywall on launch / too little free content / ""not free""",Dark Noise? Dark Patterns!
Dark Noise,DE,darknoise-DE-001,2026-04-26,3,Sound quality / unpleasant sounds,"Nice app, dated sounds"
Dark Noise,DE,darknoise-DE-003,2024-10-09,1,Subscription model resented (was one-time / went subscription),Abo für Sound….
Dark Noise,DE,darknoise-DE-004,2024-09-18,1,Price / value / paywall,Geldgier
Dark Noise,DE,darknoise-DE-006,2023-08-28,1,Price / value / paywall,Schön aber überteuerte Blendung
Dark Noise,DE,darknoise-DE-007,2023-06-19,1,Subscription model resented (was one-time / went subscription),Legacy users forced to upgrade
Dark Noise,DE,darknoise-DE-011,2022-06-10,1,Misleading advertising,False Advertising
Dark Noise,DE,darknoise-DE-013,2021-09-09,2,Audible loops / short loops / audio artifacts,Teils Störungen in den Tönen
Dark Noise,DE,darknoise-DE-014,2021-05-30,2,Other (uncategorized),Dear developer
Dark Noise,DE,darknoise-DE-017,2020-11-15,1,"""Doesn't work / no effect""",Useless
Dark Noise,DE,darknoise-DE-018,2020-06-02,3,Sound quality / unpleasant sounds,Most sounds too distracting
Dark Noise,DE,darknoise-DE-019,2020-01-01,2,Billing / unauthorized charges / refund anger,Sound quality is not that great
Dark Noise,DE,darknoise-DE-020,2019-09-21,2,Sound quality / unpleasant sounds,Klangqualität bescheiden
Endel,US,endel-US-001,2026-08-29,1,Billing / unauthorized charges / refund anger,Beware they will still charge you even if you cancel the trial members
Endel,US,endel-US-002,2026-08-25,1,Billing / unauthorized charges / refund anger,Scam - preying on ppl w/ ADHD
Endel,US,endel-US-003,2026-08-25,2,Cancellation difficulty,App was okay but tried to charge me after I unsubscribed
Endel,US,endel-US-004,2026-08-24,2,Repetitiveness / lack of variety,Unimpressed
Endel,US,endel-US-005,2026-08-24,1,Billing / unauthorized charges / refund anger,Refund Warning!!
Endel,US,endel-US-006,2026-08-24,3,Other (uncategorized),Something changed ?
Endel,US,endel-US-007,2026-08-23,1,Billing / unauthorized charges / refund anger,Fraud
Endel,US,endel-US-008,2026-08-22,2,Customer support,Customer service?
Endel,US,endel-US-011,2026-08-20,1,Upsell / ads / nagging in-app,Terrible App
Endel,US,endel-US-012,2026-08-20,2,UX / app bugs / reliability,Invasive and off putting
Endel,US,endel-US-013,2026-08-18,3,Misleading advertising,False Advertising on 8D Odyssey
Endel,US,endel-US-016,2026-08-13,1,"""Doesn't work / no effect""",Can’t use this app for more than 5-minutes
Endel,US,endel-US-018,2026-08-13,1,Billing / unauthorized charges / refund anger,"Double charged, customer support nonexistent"
Endel,US,endel-US-022,2026-08-11,2,Price / value / paywall,No option to cancel after free trial.
Endel,US,endel-US-023,2026-08-10,1,Upsell / ads / nagging in-app,Keeps bugging me about lifetime subscription
Endel,US,endel-US-024,2026-08-08,1,Billing / unauthorized charges / refund anger,Take your money
Endel,US,endel-US-025,2026-08-06,1,Other (uncategorized),.
Endel,US,endel-US-027,2026-08-03,3,Price / value / paywall,Too Expensive
Endel,US,endel-US-028,2026-08-02,1,Misleading advertising,Misleading
Endel,US,endel-US-029,2026-07-31,1,Upsell / ads / nagging in-app,"Ads, even though I’ve paid!"
Endel,US,endel-US-030,2026-07-30,1,Account / login / restore,Wrong songs and click bait
Endel,US,endel-US-032,2026-07-28,1,Billing / unauthorized charges / refund anger,Premium still has ads
Endel,US,endel-US-033,2026-07-27,3,Upsell / ads / nagging in-app,"Great App, But the Constant Upselling Is Too Much"
Endel,US,endel-US-034,2026-07-25,1,Upsell / ads / nagging in-app,"Love the solution, hate the sales push (I pay yearly)"
Endel,US,endel-US-035,2026-07-25,1,Billing / unauthorized charges / refund anger,Not for me but I didn’t get a choice
Endel,US,endel-US-037,2026-07-22,3,Upsell / ads / nagging in-app,Ruined by constant upselling to existing premium users
Endel,US,endel-US-038,2026-07-21,1,Upsell / ads / nagging in-app,Constant ads
Endel,US,endel-US-039,2026-07-21,1,Billing / unauthorized charges / refund anger,They steal from you
Endel,US,endel-US-041,2026-07-18,1,Cancellation difficulty,Cancelled
Endel,US,endel-US-042,2026-07-18,1,Cancellation difficulty,Unethical strategies to make it nearly impossible to cancel
Endel,US,endel-US-043,2026-07-14,1,Price / value / paywall,You will get charged $120 without being asked to confirm
Endel,US,endel-US-045,2026-07-09,1,Other (uncategorized),Absolutely  BS
Endel,US,endel-US-047,2026-07-09,1,Billing / unauthorized charges / refund anger,"Unauthorized $119.99 charge, refund process failed"
Endel,US,endel-US-048,2026-07-09,1,UX / app bugs / reliability,App has crashed…
Endel,US,endel-US-049,2026-07-09,1,Billing / unauthorized charges / refund anger,False Advertising
Endel,US,endel-US-050,2026-07-08,1,Upsell / ads / nagging in-app,Prompts for Money Each Boot
Endel,US,endel-US-051,2026-07-06,1,Cancellation difficulty,Takes over your phone by default
Endel,US,endel-US-052,2026-07-05,1,Upsell / ads / nagging in-app,"Loved it, Until I had to pay them for the rest of forever."
Endel,US,endel-US-054,2026-07-04,1,Subscription model resented (was one-time / went subscription),Feels More Focused on Revenue Than User Experience
Endel,US,endel-US-055,2026-07-03,1,Other (uncategorized),Asks intrusive questions
Endel,US,endel-US-056,2026-07-03,2,Misleading advertising,I want to like the App but…it’s misleading
Endel,US,endel-US-059,2026-07-02,1,Billing / unauthorized charges / refund anger,Fraudulent
Endel,US,endel-US-061,2026-07-01,1,Billing / unauthorized charges / refund anger,App never works and feels like a scam
Endel,US,endel-US-062,2026-06-30,1,Upsell / ads / nagging in-app,Great but so triggering I’m done with it
Endel,US,endel-US-064,2026-06-29,2,Cancellation difficulty,Disappointed
Endel,US,endel-US-066,2026-06-28,2,Price / value / paywall,Way too expensive
Endel,US,endel-US-068,2026-06-25,1,"Missing platform / device support (Mac, watch, iPad, CarPlay…)",Disgusting and greeedy
Endel,US,endel-US-069,2026-06-25,2,Upsell / ads / nagging in-app,"Ok, but FALSE ADS! NOT what the ads play. And, they still beg for mone"
Endel,US,endel-US-073,2026-06-22,1,Misleading advertising,bait and switch.
Endel,US,endel-US-074,2026-06-22,3,Other (uncategorized),Make it simpler.
Endel,US,endel-US-075,2026-06-22,1,Other (uncategorized),Regret buying
Endel,US,endel-US-076,2026-06-20,2,Feature removed / update regression,Marvelous app
Endel,US,endel-US-079,2026-06-16,1,Billing / unauthorized charges / refund anger,Can’t cancel app!
Endel,US,endel-US-080,2026-06-16,1,Price / value / paywall,Shameful app that takes advantage of ADHD people
Endel,US,endel-US-081,2026-06-15,1,Billing / unauthorized charges / refund anger,Misleading advertising
Endel,US,endel-US-084,2026-06-14,2,Other (uncategorized),Subscription is through Paddle
Endel,US,endel-US-085,2026-06-13,1,UX / app bugs / reliability,Paying for Non-Stop Advertising
Endel,US,endel-US-087,2026-06-12,2,Feature removed / update regression,You killed the app with your greed
Endel,US,endel-US-088,2026-06-12,1,Upsell / ads / nagging in-app,Too many pop ups and options and questions
Endel,US,endel-US-089,2026-06-11,1,Other (uncategorized),Worst UX EVER
Endel,US,endel-US-090,2026-06-11,1,Billing / unauthorized charges / refund anger,Difficult to unsubscribe
Endel,US,endel-US-091,2026-06-10,3,Other (uncategorized),Awesome
Endel,US,endel-US-092,2026-06-10,1,Billing / unauthorized charges / refund anger,Warning: $119.99 billing trap
Endel,US,endel-US-097,2026-06-04,1,Cancellation difficulty,Get a free soundscapes app instead
Endel,US,endel-US-099,2026-06-03,1,Billing / unauthorized charges / refund anger,Such Bad Faith People
Endel,US,endel-US-101,2026-06-02,2,UX / app bugs / reliability,Not ready for MacOS
Endel,US,endel-US-103,2026-06-02,1,Billing / unauthorized charges / refund anger,Annoying and deceptive
Endel,US,endel-US-107,2026-06-01,3,UX / app bugs / reliability,Expensive and didn’t work
Endel,US,endel-US-108,2026-05-31,1,Billing / unauthorized charges / refund anger,Total rip off
Endel,US,endel-US-110,2026-05-30,1,Misleading advertising,False advertising
Endel,US,endel-US-111,2026-05-30,1,Free alternatives exist (YouTube / free apps),Nothing like the ad
Endel,US,endel-US-112,2026-05-30,3,Other (uncategorized),Keeps Playing When I Enter Car
Endel,US,endel-US-113,2026-05-29,1,Billing / unauthorized charges / refund anger,This is a scam
Endel,US,endel-US-117,2026-05-27,2,Upsell / ads / nagging in-app,Not a great value
Endel,US,endel-US-118,2026-05-26,3,Upsell / ads / nagging in-app,"Once minimal app, now convoluted"
Endel,US,endel-US-119,2026-05-26,1,Billing / unauthorized charges / refund anger,$115 rip off
Endel,US,endel-US-121,2026-05-26,1,UX / app bugs / reliability,Vibe coded glitchy app
Endel,US,endel-US-123,2026-05-25,1,UX / app bugs / reliability,Immediately crashes
Endel,US,endel-US-124,2026-05-24,1,Price / value / paywall,Way too expensive!
Endel,US,endel-US-125,2026-05-23,1,Other (uncategorized),Stop asking questions
Endel,US,endel-US-126,2026-05-23,1,Billing / unauthorized charges / refund anger,Scam
Endel,US,endel-US-127,2026-05-23,1,Other (uncategorized),"Seems cool, but"
Endel,US,endel-US-128,2026-05-22,3,Free alternatives exist (YouTube / free apps),Not what as advertised
Endel,US,endel-US-130,2026-05-21,1,Upsell / ads / nagging in-app,Where is it free?
Endel,US,endel-US-131,2026-05-21,2,Upsell / ads / nagging in-app,NAGWARE (even with subscription)
Endel,US,endel-US-132,2026-05-21,3,Upsell / ads / nagging in-app,Stop trying to Upsell
Endel,US,endel-US-133,2026-05-20,1,UX / app bugs / reliability,False Ads
Endel,US,endel-US-134,2026-05-20,3,UX / app bugs / reliability,Needs bug fixes
Endel,US,endel-US-135,2026-05-20,1,Billing / unauthorized charges / refund anger,refund scam!
Endel,US,endel-US-136,2026-05-20,3,Upsell / ads / nagging in-app,Agreed with No Upgrade
Endel,US,endel-US-137,2026-05-20,2,Upsell / ads / nagging in-app,After subscribing still bombarded by upgrade pop ups
Endel,US,endel-US-138,2026-05-19,1,Upsell / ads / nagging in-app,Do not recommend
Endel,US,endel-US-140,2026-05-19,1,Upsell / ads / nagging in-app,Stop popping up lifetime upgrade thing
Endel,US,endel-US-141,2026-05-18,2,Price / value / paywall,Meh Quality
Endel,US,endel-US-142,2026-05-18,1,Misleading advertising,"Not as advertised, awful"
Endel,US,endel-US-143,2026-05-18,2,Other (uncategorized),"Helpful app, bad monetization"
Endel,US,endel-US-144,2026-05-16,1,Repetitiveness / lack of variety,No Support - Low Selection
Endel,US,endel-US-146,2026-05-15,1,Billing / unauthorized charges / refund anger,Costly
Endel,US,endel-US-147,2026-05-15,3,Other (uncategorized),Stop soliciting
Endel,US,endel-US-148,2026-05-14,1,Misleading advertising,Beware of false advertising!
Endel,US,endel-US-149,2026-05-13,2,Billing / unauthorized charges / refund anger,Somehow double subscribed and can’t get a refund
Endel,US,endel-US-152,2026-05-13,3,Upsell / ads / nagging in-app,Ads in Premium Paid App
Endel,US,endel-US-153,2026-05-13,1,Other (uncategorized),Persistent notifications. Horrendous.
Endel,US,endel-US-154,2026-05-12,1,Billing / unauthorized charges / refund anger,Scam
Endel,US,endel-US-156,2026-05-12,3,Repetitiveness / lack of variety,Limited options available
Endel,US,endel-US-159,2026-05-11,1,Billing / unauthorized charges / refund anger,Beware!!!They billed me after I canceled.
Endel,US,endel-US-160,2026-05-11,1,Cancellation difficulty,Nice idea. False Advertising on Social Media
Endel,US,endel-US-161,2026-05-10,1,Cancellation difficulty,Keep getting charged
Endel,US,endel-US-162,2026-05-09,1,Account / login / restore,False information
Endel,US,endel-US-164,2026-05-08,1,Price / value / paywall,Terrible
Endel,US,endel-US-165,2026-05-08,1,Misleading advertising,Ads are not what’s offered
Endel,US,endel-US-166,2026-05-08,2,Misleading advertising,False Advertising
Endel,US,endel-US-167,2026-05-08,3,UX / app bugs / reliability,Audio playback bug on macOS (Premium subscription)
Endel,US,endel-US-168,2026-05-07,1,Billing / unauthorized charges / refund anger,SCAM!!!
Endel,US,endel-US-171,2026-05-07,1,Billing / unauthorized charges / refund anger,NO CUSTOMER SERVICE
Endel,US,endel-US-174,2026-05-05,1,Upsell / ads / nagging in-app,Aggressive advertisement for paid users
Endel,US,endel-US-175,2026-05-04,1,Upsell / ads / nagging in-app,Expensive and doesn’t provide everything they advertise
Endel,US,endel-US-176,2026-05-04,1,Billing / unauthorized charges / refund anger,Money grab
Endel,US,endel-US-177,2026-05-04,3,"Confusing / hard to figure out (onboarding, navigation)",Misleading Trial - Subscription
Endel,US,endel-US-178,2026-05-04,1,Billing / unauthorized charges / refund anger,No 7 day Trial Period
Endel,US,endel-US-179,2026-05-03,1,Price / value / paywall,extremely expensive
Endel,US,endel-US-180,2026-05-03,1,Upsell / ads / nagging in-app,Not what I was looking for
Endel,US,endel-US-182,2026-05-03,1,Billing / unauthorized charges / refund anger,Tried to do a free trial. And they charged me
Endel,US,endel-US-184,2026-05-03,1,Other (uncategorized),Was good
Endel,US,endel-US-185,2026-05-03,1,Billing / unauthorized charges / refund anger,Scam
Endel,US,endel-US-188,2026-05-03,1,Billing / unauthorized charges / refund anger,Fraud
Endel,US,endel-US-189,2026-05-02,1,"Missing platform / device support (Mac, watch, iPad, CarPlay…)",macOS Newest Version Sucks
Endel,US,endel-US-190,2026-05-02,1,Free alternatives exist (YouTube / free apps),Scam - charged me immediately for a year
Endel,US,endel-US-191,2026-05-02,1,Billing / unauthorized charges / refund anger,Waste of money
Endel,US,endel-US-192,2026-05-01,2,Upsell / ads / nagging in-app,Ad versus product..
Endel,US,endel-US-196,2026-05-01,1,Subscription model resented (was one-time / went subscription),No support
Endel,US,endel-US-197,2026-04-30,1,Misleading advertising,Bait and switch
Endel,US,endel-US-198,2026-04-30,2,Other (uncategorized),I hate almost all the sounds. :(
Endel,US,endel-US-199,2026-04-30,1,Price / value / paywall,Subscription Required
Endel,US,endel-US-203,2026-04-29,1,Billing / unauthorized charges / refund anger,"Scam, taking advantage of people with ADHD"
Endel,US,endel-US-204,2026-04-29,1,Billing / unauthorized charges / refund anger,Give my money back
Endel,US,endel-US-205,2026-04-29,1,Billing / unauthorized charges / refund anger,Scam af
Endel,US,endel-US-206,2026-04-28,1,Billing / unauthorized charges / refund anger,Negative 5star
Endel,US,endel-US-208,2026-04-28,1,Upsell / ads / nagging in-app,Liars
Endel,US,endel-US-210,2026-04-28,2,"Missing platform / device support (Mac, watch, iPad, CarPlay…)","Latest Mac release is a catchup, not a well designed product"
Endel,US,endel-US-211,2026-04-28,1,Other (uncategorized),It worth it
Endel,US,endel-US-212,2026-04-28,1,UX / app bugs / reliability,Doesn’t work
Endel,US,endel-US-213,2026-04-27,2,Subscription model resented (was one-time / went subscription),A well designed music playlist that requires another subscription?
Endel,US,endel-US-214,2026-04-27,1,Free alternatives exist (YouTube / free apps),Waste of money
Endel,US,endel-US-215,2026-04-25,1,Other (uncategorized),Trash
Endel,US,endel-US-217,2026-04-23,1,"Confusing / hard to figure out (onboarding, navigation)",Hard to use
Endel,US,endel-US-218,2026-04-23,1,Free alternatives exist (YouTube / free apps),Scam
Endel,US,endel-US-220,2026-04-21,3,UX / app bugs / reliability,Poor experience on MacBook
Endel,US,endel-US-221,2026-04-20,3,Sound quality / unpleasant sounds,Audio is not quality
Endel,US,endel-US-223,2026-04-19,1,Cancellation difficulty,Trap
Endel,US,endel-US-226,2026-04-15,1,Billing / unauthorized charges / refund anger,I cancelled the free trial and they charged me $119 anyway
Endel,US,endel-US-227,2026-04-15,1,Billing / unauthorized charges / refund anger,AI garbage
Endel,US,endel-US-228,2026-04-15,1,Account / login / restore,Premium Account tho not on desktop app
Endel,US,endel-US-229,2026-04-15,1,Billing / unauthorized charges / refund anger,No communication no refund
Endel,US,endel-US-230,2026-04-15,1,Billing / unauthorized charges / refund anger,Scam!
Endel,US,endel-US-231,2026-04-14,1,"Paywall on launch / too little free content / ""not free""",False Advertisment
Endel,US,endel-US-232,2026-04-14,1,Other (uncategorized),Didn’t get to use it
Endel,US,endel-US-233,2026-04-14,1,Upsell / ads / nagging in-app,Don’t Do It
Endel,US,endel-US-234,2026-04-14,2,Billing / unauthorized charges / refund anger,Confusing to cancel
Endel,US,endel-US-236,2026-04-14,1,Billing / unauthorized charges / refund anger,Poor Subscription Practices
Endel,US,endel-US-239,2026-04-11,2,Billing / unauthorized charges / refund anger,Beware of “trial period”
Endel,US,endel-US-240,2026-04-09,2,Billing / unauthorized charges / refund anger,Unimpressed
Endel,US,endel-US-241,2026-04-09,1,Price / value / paywall,Seems like a cool idea however …
Endel,US,endel-US-242,2026-04-08,1,Billing / unauthorized charges / refund anger,False advertising
Endel,US,endel-US-244,2026-04-07,2,UX / app bugs / reliability,Turns on *any time* Bluetooth is connected
Endel,US,endel-US-245,2026-04-06,1,Billing / unauthorized charges / refund anger,Scammers
Endel,US,endel-US-247,2026-04-05,1,Billing / unauthorized charges / refund anger,Trial and charged
Endel,US,endel-US-248,2026-04-05,1,UX / app bugs / reliability,Opportunistic money grab tactics
Endel,US,endel-US-249,2026-04-04,1,Billing / unauthorized charges / refund anger,!! FRAUD !!
Endel,US,endel-US-250,2026-04-04,1,Other (uncategorized),Do not download
Endel,US,endel-US-251,2026-04-03,1,Billing / unauthorized charges / refund anger,SCAM DONT DO FREE TRIAL
Endel,US,endel-US-252,2026-04-03,1,Billing / unauthorized charges / refund anger,App is a scam
Endel,US,endel-US-253,2026-04-03,1,Billing / unauthorized charges / refund anger,Scam
Endel,US,endel-US-255,2026-04-02,1,Billing / unauthorized charges / refund anger,SHADY BILLING - Send the statement below to your bank and dispute the 
Endel,US,endel-US-256,2026-04-02,2,"Confusing / hard to figure out (onboarding, navigation)",Nope
Endel,US,endel-US-258,2026-04-02,3,UX / app bugs / reliability,Stops playing after 10 minutes
Endel,US,endel-US-259,2026-04-02,1,Billing / unauthorized charges / refund anger,Charged my card.
Endel,US,endel-US-260,2026-04-01,1,Billing / unauthorized charges / refund anger,Too expensive and won't stop trying to bill me
Endel,US,endel-US-261,2026-03-31,1,Account / login / restore,Free trial
Endel,US,endel-US-263,2026-03-30,1,Billing / unauthorized charges / refund anger,Deceptive Billing Practices
Endel,US,endel-US-264,2026-03-30,1,Billing / unauthorized charges / refund anger,Scam Beware
Endel,US,endel-US-266,2026-03-28,1,Cancellation difficulty,Charge even if cancel
Endel,US,endel-US-267,2026-03-28,1,Misleading advertising,False advertising
Endel,US,endel-US-268,2026-03-28,1,Upsell / ads / nagging in-app,Not very well explained on FB
Endel,US,endel-US-270,2026-03-27,3,Other (uncategorized),Weird sounds during sleep
Endel,US,endel-US-271,2026-03-27,1,Billing / unauthorized charges / refund anger,Don’t do it
Endel,US,endel-US-274,2026-03-27,1,Billing / unauthorized charges / refund anger,False Advertising Scum
Endel,US,endel-US-275,2026-03-26,3,Upsell / ads / nagging in-app,Pay to use
Endel,US,endel-US-278,2026-03-25,1,Billing / unauthorized charges / refund anger,Unable to cancel after “free” trial!
Endel,US,endel-US-279,2026-03-25,1,Billing / unauthorized charges / refund anger,Scam
Endel,US,endel-US-280,2026-03-24,1,Billing / unauthorized charges / refund anger,Scam
Endel,US,endel-US-281,2026-03-24,1,Other (uncategorized),Don’t do it
Endel,US,endel-US-282,2026-03-24,2,Other (uncategorized),Disappointment
Endel,US,endel-US-283,2026-03-24,1,Misleading advertising,False advertising
Endel,US,endel-US-285,2026-03-23,2,Price / value / paywall,Expensive
Endel,US,endel-US-286,2026-03-23,3,Cancellation difficulty,Good but
Endel,US,endel-US-287,2026-03-23,1,Billing / unauthorized charges / refund anger,7-day Trial?
Endel,US,endel-US-288,2026-03-23,3,Upsell / ads / nagging in-app,Interesting but wasn’t compelled to subscribe
Endel,US,endel-US-289,2026-03-23,2,Upsell / ads / nagging in-app,Ads?
Endel,US,endel-US-290,2026-03-22,3,Missing feature: can't mix sounds / no customization,Confused
Endel,US,endel-US-292,2026-03-22,1,Billing / unauthorized charges / refund anger,$10 for a Spotify playlist
Endel,US,endel-US-293,2026-03-21,1,Billing / unauthorized charges / refund anger,Free Trial is a scam
Endel,US,endel-US-294,2026-03-21,1,Other (uncategorized),No free basic plan
Endel,US,endel-US-295,2026-03-21,1,Billing / unauthorized charges / refund anger,Feels scammy
Endel,US,endel-US-296,2026-03-19,1,Billing / unauthorized charges / refund anger,Tried the app it billed and did not show in Apple Subscriptions
Endel,US,endel-US-299,2026-03-18,1,Other (uncategorized),Horrible
Endel,DE,endel-DE-000,2026-08-30,1,Cancellation difficulty,Nervende Werbung  !!
Endel,DE,endel-DE-001,2026-08-30,1,"""Doesn't work / no effect""",Always the same
Endel,DE,endel-DE-002,2026-08-28,1,Upsell / ads / nagging in-app,Nervt mit Eigenwerbung und noch teureren Abos
Endel,DE,endel-DE-003,2026-08-25,3,Sound quality / unpleasant sounds,A focus app that keeps distracting you
Endel,DE,endel-DE-004,2026-08-23,1,Upsell / ads / nagging in-app,Annoying lifetime ads
Endel,DE,endel-DE-005,2026-08-20,2,Upsell / ads / nagging in-app,Aufdringliche Werbung
Endel,DE,endel-DE-007,2026-08-11,1,Billing / unauthorized charges / refund anger,Attempted to charge after cancellation
Endel,DE,endel-DE-009,2026-07-28,1,Upsell / ads / nagging in-app,Evertime I open the app there is advertising
Endel,DE,endel-DE-010,2026-07-28,2,"Missing platform / device support (Mac, watch, iPad, CarPlay…)",Apps leave a lot to be desired
Endel,DE,endel-DE-011,2026-07-27,1,Cancellation difficulty,Kündigen nicht möglich
Endel,DE,endel-DE-012,2026-07-25,1,Cancellation difficulty,Kündigung nicht möglich
Endel,DE,endel-DE-013,2026-07-16,1,Billing / unauthorized charges / refund anger,Annoying
Endel,DE,endel-DE-015,2026-07-05,1,Upsell / ads / nagging in-app,Musik aus dem Werbung ist nicht in der App verfugbar
Endel,DE,endel-DE-016,2026-06-27,1,"Missing platform / device support (Mac, watch, iPad, CarPlay…)",Current MacOS App horrible UX
Endel,DE,endel-DE-020,2026-06-12,2,Upsell / ads / nagging in-app,Werbung für Abo trotz aktivem Abo
Endel,DE,endel-DE-021,2026-06-11,2,Upsell / ads / nagging in-app,Huge Fan BUT
Endel,DE,endel-DE-022,2026-06-10,1,Upsell / ads / nagging in-app,Absolute Frechheit
Endel,DE,endel-DE-023,2026-06-01,1,Sound quality / unpleasant sounds,Nervig ohne Ende
Endel,DE,endel-DE-028,2026-05-03,1,Upsell / ads / nagging in-app,Gesundheitsdaten werden nicht geladen
Endel,DE,endel-DE-030,2026-04-27,2,Cancellation difficulty,Uplift nutzlos geworden
Endel,DE,endel-DE-031,2026-04-20,1,"""Doesn't work / no effect""","Decent Service, terrible Mac App"
Endel,DE,endel-DE-032,2026-04-15,1,Upsell / ads / nagging in-app,"Stop the intrusive lifetime ads, at every startup (again, they are bac"
Endel,DE,endel-DE-033,2026-04-14,2,"Missing platform / device support (Mac, watch, iPad, CarPlay…)",Missglücktes Redesign
Endel,DE,endel-DE-034,2026-04-10,1,Other (uncategorized),Funktionen nur bei bezahlen
Endel,DE,endel-DE-036,2026-04-09,1,Other (uncategorized),:-(
Endel,DE,endel-DE-037,2026-04-08,1,Upsell / ads / nagging in-app,Not like the ads
Endel,DE,endel-DE-039,2026-04-01,1,Billing / unauthorized charges / refund anger,"Upgrade didn’t work, paid for nothing"
Endel,DE,endel-DE-040,2026-04-01,1,Other (uncategorized),Power Nap Funktion weg
Endel,DE,endel-DE-041,2026-03-22,1,Cancellation difficulty,Werbung trotz Premium. Bye bye
Endel,DE,endel-DE-042,2026-03-16,1,Cancellation difficulty,Die 1001‘ste App für die man ein Abbo benötigt
Endel,DE,endel-DE-043,2026-03-11,1,"Missing platform / device support (Mac, watch, iPad, CarPlay…)",Electron (Web) App
Endel,DE,endel-DE-044,2026-03-09,2,Sound quality / unpleasant sounds,Low quality update
Endel,DE,endel-DE-051,2026-02-18,1,Other (uncategorized),Short session or pay for only sounds
Endel,DE,endel-DE-052,2026-02-11,1,Other (uncategorized),So langsam unbenutzbar
Endel,DE,endel-DE-055,2026-02-02,3,Other (uncategorized),no updates
Endel,DE,endel-DE-058,2026-01-19,3,Account / login / restore,"Nice, but!"
Endel,DE,endel-DE-059,2026-01-07,2,Abandonware / not updated / no new-device support,"iPhone app is great, Mac app needs an update"
Endel,DE,endel-DE-061,2025-12-18,1,Account / login / restore,"1,8 GB + nerviges Login"
Endel,DE,endel-DE-062,2025-12-17,1,Account / login / restore,Werbung trotz Premium
Endel,DE,endel-DE-063,2025-12-15,2,Price / value / paywall,Leider viel zu teuer
Endel,DE,endel-DE-064,2025-12-10,3,Price / value / paywall,"It’s a glorified Spotify playlist, with random reverb and delay modula"
Endel,DE,endel-DE-065,2025-12-07,1,Misleading advertising,Clickbait Instagram Werbung
Endel,DE,endel-DE-066,2025-12-04,1,UX / app bugs / reliability,Problem mit bestehendem Abonnement und ständiger Abo-Aufforderung
Endel,DE,endel-DE-068,2025-12-01,2,Upsell / ads / nagging in-app,It really works. The app is horrible.
Endel,DE,endel-DE-070,2025-11-22,1,Price / value / paywall,"Grundsätzlich gut, aber…"
Endel,DE,endel-DE-072,2025-11-09,1,Price / value / paywall,Gelöscht ohne auszuprobieren
Endel,DE,endel-DE-075,2025-11-03,3,Feature removed / update regression,Great but bug since update
Endel,DE,endel-DE-077,2025-10-20,3,"Missing platform / device support (Mac, watch, iPad, CarPlay…)",Great app but only on iPhone
Endel,DE,endel-DE-080,2025-10-14,1,Sound quality / unpleasant sounds,Schlechte Qualität
Endel,DE,endel-DE-082,2025-10-12,2,Customer support,"Great App, Terrible Support"
Endel,DE,endel-DE-084,2025-10-07,2,UX / app bugs / reliability,Sleep Timer
Endel,DE,endel-DE-087,2025-09-27,1,Other (uncategorized),Abofalle
Endel,DE,endel-DE-089,2025-09-15,3,"Missing platform / device support (Mac, watch, iPad, CarPlay…)",Still not on par with the iOS app :/
Endel,DE,endel-DE-091,2025-09-07,1,Billing / unauthorized charges / refund anger,Scam
Endel,DE,endel-DE-092,2025-09-02,1,Upsell / ads / nagging in-app,Störend Werbeeinblendung
Endel,DE,endel-DE-095,2025-08-19,1,Billing / unauthorized charges / refund anger,Abzocke
Endel,DE,endel-DE-096,2025-08-13,1,Abandonware / not updated / no new-device support,Scam
Endel,DE,endel-DE-099,2025-08-07,3,Other (uncategorized),Too limited to be helpful
Endel,DE,endel-DE-100,2025-08-06,3,Price / value / paywall,Block apps on mac would be great
Endel,DE,endel-DE-101,2025-08-02,1,Billing / unauthorized charges / refund anger,Scam
Endel,DE,endel-DE-104,2025-07-30,1,UX / app bugs / reliability,Nosy app
Endel,DE,endel-DE-106,2025-07-26,1,Billing / unauthorized charges / refund anger,Betrug
Endel,DE,endel-DE-108,2025-07-10,2,Other (uncategorized),Leider auf Abo Basis
Endel,DE,endel-DE-111,2025-07-03,1,Price / value / paywall,Timer is now premium?!
Endel,DE,endel-DE-113,2025-07-02,1,Subscription model resented (was one-time / went subscription),Abo Falle
Endel,DE,endel-DE-114,2025-07-01,1,Other (uncategorized),Horrible UI
Endel,DE,endel-DE-115,2025-06-26,1,Cancellation difficulty,Beware
Endel,DE,endel-DE-117,2025-06-25,2,Upsell / ads / nagging in-app,Lifetime ads suck - still not fixed
Endel,DE,endel-DE-118,2025-06-21,2,UX / app bugs / reliability,Sytsemabsturz meines Handys
Endel,DE,endel-DE-121,2025-06-17,1,Price / value / paywall,KI Stimme für 60€
Endel,DE,endel-DE-126,2025-05-05,1,Billing / unauthorized charges / refund anger,Abo abgeschlossen statt Testversion
Endel,DE,endel-DE-127,2025-05-04,1,Other (uncategorized),Enttäuschung Pur
Endel,DE,endel-DE-128,2025-04-30,1,UX / app bugs / reliability,Frustrating Subscription Experience with Limited Access
Endel,DE,endel-DE-129,2025-04-30,1,"Paywall on launch / too little free content / ""not free""",Alles kostet jetzt Geld!
Endel,DE,endel-DE-131,2025-04-17,1,Other (uncategorized),Nope
Endel,DE,endel-DE-133,2025-04-14,2,Other (uncategorized),Verwirrendes UX
Endel,DE,endel-DE-135,2025-04-09,1,Billing / unauthorized charges / refund anger,Warnung - Gratiszeitraum Scam
Endel,DE,endel-DE-136,2025-04-06,1,"Missing platform / device support (Mac, watch, iPad, CarPlay…)",Annoying App
Endel,DE,endel-DE-137,2025-03-31,1,Billing / unauthorized charges / refund anger,BETRUG
Endel,DE,endel-DE-138,2025-03-30,1,Price / value / paywall,Hilfreich
Endel,DE,endel-DE-139,2025-03-28,3,Sound quality / unpleasant sounds,App ok - Preismodell naja
Endel,DE,endel-DE-142,2025-03-22,1,Account / login / restore,Ich habe mir Entspannung erhofft.
Endel,DE,endel-DE-144,2025-03-12,1,Account / login / restore,Jahresbeitrag verdoppelt
Endel,DE,endel-DE-146,2025-03-03,3,Other (uncategorized),Okay
Endel,DE,endel-DE-147,2025-03-03,3,Other (uncategorized),Schade
Endel,DE,endel-DE-148,2025-03-01,2,Other (uncategorized),Techno Mixe
Endel,DE,endel-DE-149,2025-02-28,1,Other (uncategorized),Jahrelange Kontinuität
Endel,DE,endel-DE-151,2025-02-24,3,"Confusing / hard to figure out (onboarding, navigation)",Zu kompliziert
Endel,DE,endel-DE-152,2025-02-22,1,Other (uncategorized),War mal gut
Endel,DE,endel-DE-155,2025-02-19,3,Repetitiveness / lack of variety,"Fancy Sounds, Effekt 0"
Endel,DE,endel-DE-156,2025-02-16,1,Other (uncategorized),Asks for stars.
Endel,DE,endel-DE-157,2025-02-14,1,Other (uncategorized),8D-Sound
Endel,DE,endel-DE-160,2025-02-13,1,UX / app bugs / reliability,Contraire dem Ruhe/Konzentrationsversprechen
Endel,DE,endel-DE-162,2025-02-08,3,Other (uncategorized),Sound problems
Endel,DE,endel-DE-164,2025-02-01,1,Price / value / paywall,10 min Begrenzung
Endel,DE,endel-DE-166,2025-01-27,1,Upsell / ads / nagging in-app,Zu viel Werbung
Endel,DE,endel-DE-168,2025-01-21,3,Repetitiveness / lack of variety,Super App zum Entspannen und fokussierteren Arbeiten
Endel,DE,endel-DE-170,2025-01-15,1,"Paywall on launch / too little free content / ""not free""",Früher Top! Heute pflicht Paywall nach 10 min…
Endel,DE,endel-DE-171,2025-01-11,1,Other (uncategorized),Die App war früher echt toll
Endel,DE,endel-DE-173,2024-12-18,3,UX / app bugs / reliability,Gut für Fokus
Endel,DE,endel-DE-177,2024-12-09,3,UX / app bugs / reliability,Crashed
Endel,DE,endel-DE-178,2024-11-29,3,"""Doesn't work / no effect""",Great Idea but execution is meh
Endel,DE,endel-DE-182,2024-11-18,3,"Confusing / hard to figure out (onboarding, navigation)",Sehr entspannend!
Endel,DE,endel-DE-183,2024-11-17,1,Sound quality / unpleasant sounds,Ansicht gute App
Endel,DE,endel-DE-184,2024-11-11,3,"Missing platform / device support (Mac, watch, iPad, CarPlay…)",Kann die Klänge nur mit Kopfhörern hören
Endel,DE,endel-DE-187,2024-11-02,2,Billing / unauthorized charges / refund anger,Scam / Betrug
Endel,DE,endel-DE-188,2024-11-01,2,Subscription model resented (was one-time / went subscription),"Warum soll ich euer Abo kaufen, wenn ich’s as Produkt nicht testen kan"
Endel,DE,endel-DE-191,2024-10-10,1,Cancellation difficulty,Geldmache
Endel,DE,endel-DE-192,2024-09-23,1,Price / value / paywall,Kostenloses Probeabo
Endel,DE,endel-DE-195,2024-09-16,1,Repetitiveness / lack of variety,Most boring run I ever had
Endel,DE,endel-DE-197,2024-09-10,1,Cancellation difficulty,App dramatisch verschlechtert
Endel,DE,endel-DE-200,2024-08-27,1,Other (uncategorized),Nicht enden-wollende Fragestunde
Endel,DE,endel-DE-201,2024-08-25,1,Other (uncategorized),Keine Testphase?
Endel,DE,endel-DE-202,2024-08-19,1,Other (uncategorized),Sinnlos
Endel,DE,endel-DE-203,2024-08-19,1,Price / value / paywall,Zu teuer
Endel,DE,endel-DE-204,2024-08-19,1,Upsell / ads / nagging in-app,Soundscapes OK - App annoying
Endel,DE,endel-DE-205,2024-08-19,1,Free alternatives exist (YouTube / free apps),"59,99€ pro Jahr."
Endel,DE,endel-DE-206,2024-08-16,3,"Missing platform / device support (Mac, watch, iPad, CarPlay…)",Voiceover Bedienung verbessern
Endel,DE,endel-DE-207,2024-08-15,1,Billing / unauthorized charges / refund anger,It is a scam! The trial toggle disables before hitting accept
Endel,DE,endel-DE-208,2024-08-08,2,Cancellation difficulty,Enttäuscht
Endel,DE,endel-DE-211,2024-07-28,1,"Confusing / hard to figure out (onboarding, navigation)",Very buggy and confusing user experience
Endel,DE,endel-DE-212,2024-07-21,1,UX / app bugs / reliability,Ich möchte mich nicht verbessern … warum sollte ich mich verbessern?
Endel,DE,endel-DE-213,2024-06-22,2,Other (uncategorized),Eigentlich super
Endel,DE,endel-DE-214,2024-06-17,1,Cancellation difficulty,Probe Abo gekündigt Abo läuft weiter
Endel,DE,endel-DE-215,2024-06-12,1,"Missing platform / device support (Mac, watch, iPad, CarPlay…)","app is not Accessible  with assistive technology, such as voiceover"
Endel,DE,endel-DE-221,2024-05-20,2,Other (uncategorized),Jahres Abo gekauft. Ein Tag später stürzt die App ab und lässt sich ni
Endel,DE,endel-DE-223,2024-04-09,2,Upsell / ads / nagging in-app,Money grab
Endel,DE,endel-DE-224,2024-04-02,1,Sound quality / unpleasant sounds,"Gute Werbung, aber schlechte Umsetzung"
Endel,DE,endel-DE-225,2024-03-13,2,Cancellation difficulty,Eigentlich eine schöne App
Endel,DE,endel-DE-227,2024-02-19,1,Cancellation difficulty,Kann ich nix mit anfangen
Endel,DE,endel-DE-229,2024-02-02,3,Other (uncategorized),"Tolle App, aber…"
Endel,DE,endel-DE-233,2023-12-17,1,Subscription model resented (was one-time / went subscription),"Betrug, keine Probezeit"
Endel,DE,endel-DE-235,2023-12-04,3,UX / app bugs / reliability,The app icon 😂
Endel,DE,endel-DE-236,2023-12-02,1,UX / app bugs / reliability,Stürzt ständig ab.
Endel,DE,endel-DE-237,2023-11-24,2,Other (uncategorized),👎Pro Version und ständig Werbe-Einblendung
Endel,DE,endel-DE-238,2023-11-14,1,Repetitiveness / lack of variety,Fühle mich abgezockt
Endel,DE,endel-DE-239,2023-11-14,3,Price / value / paywall,Da geht noch was
Endel,DE,endel-DE-240,2023-11-01,1,"""Doesn't work / no effect""","Sorry devs, but this app is useless"
Endel,DE,endel-DE-241,2023-10-31,2,Upsell / ads / nagging in-app,Spamt einen zu mit Kaufaufforderungen
Endel,DE,endel-DE-245,2023-10-21,1,Billing / unauthorized charges / refund anger,achtung abzocke!
Endel,DE,endel-DE-246,2023-10-18,1,Free alternatives exist (YouTube / free apps),Keine Kostenlosen Klangwelten mehr verfügbar
Endel,DE,endel-DE-247,2023-10-14,1,Billing / unauthorized charges / refund anger,Vorsicht abzocke!
Endel,DE,endel-DE-248,2023-10-14,1,Billing / unauthorized charges / refund anger,Abzocke
Endel,DE,endel-DE-249,2023-10-11,3,"Confusing / hard to figure out (onboarding, navigation)",Pretty but confusing UI
Endel,DE,endel-DE-251,2023-10-02,1,Other (uncategorized),Sound wird ständig unterbrochen
Endel,DE,endel-DE-254,2023-08-27,1,Repetitiveness / lack of variety,Leider auch direkt bezahlt
Endel,DE,endel-DE-255,2023-08-01,2,Account / login / restore,Neue App ist eine Katastrophe
Endel,DE,endel-DE-257,2023-07-12,1,Billing / unauthorized charges / refund anger,Abzocke
Endel,DE,endel-DE-259,2023-07-08,2,"Missing platform / device support (Mac, watch, iPad, CarPlay…)","Great on my Phone, but macOS support is lacking"
Endel,DE,endel-DE-262,2023-06-21,1,Account / login / restore,Kostenloser Download dann Abo!!!
Endel,DE,endel-DE-264,2023-06-05,1,"""Doesn't work / no effect""","Fake free trial, uninspiring product"
Endel,DE,endel-DE-265,2023-05-31,3,"Missing platform / device support (Mac, watch, iPad, CarPlay…)",Bis zum letzten Update zuverlässig
Endel,DE,endel-DE-266,2023-05-22,3,Other (uncategorized),Funktioniert teilweise
Endel,DE,endel-DE-267,2023-05-13,1,Other (uncategorized),Installation nicht mehr möglich
Endel,DE,endel-DE-269,2023-04-22,1,Cancellation difficulty,nur macOS 12
Endel,DE,endel-DE-270,2023-04-16,3,Other (uncategorized),Windows & Bluetooth naja
Endel,DE,endel-DE-273,2023-03-15,2,"Confusing / hard to figure out (onboarding, navigation)",Entwickelt sich in die falsche Richtung
Endel,DE,endel-DE-274,2023-03-14,1,Other (uncategorized),Funktioniert auf dem iPhone 11 Pro nicht.
Endel,DE,endel-DE-275,2023-03-11,2,"Confusing / hard to figure out (onboarding, navigation)",Leider vieles in Englisch
Endel,DE,endel-DE-276,2023-02-11,1,UX / app bugs / reliability,Sound-Fehler auf aTV + homePOD
Endel,DE,endel-DE-283,2022-12-29,3,Cancellation difficulty,"Grundsätzlich nicht schlecht, nicht vollständig durchdacht, nervtötend"
Endel,DE,endel-DE-284,2022-12-27,1,Missing feature: can't mix sounds / no customization,Abofalle
Endel,DE,endel-DE-286,2022-12-14,3,UX / app bugs / reliability,"Great app in general, but some compositions - horrible!"
Endel,DE,endel-DE-287,2022-12-13,1,"""Doesn't work / no effect""",Useless
Endel,DE,endel-DE-288,2022-12-08,2,Other (uncategorized),Functionality reduced
Endel,DE,endel-DE-290,2022-12-07,3,"Confusing / hard to figure out (onboarding, navigation)",Gut gemacht.
Endel,DE,endel-DE-291,2022-12-07,3,Other (uncategorized),App reagiert sehr träge
Endel,DE,endel-DE-293,2022-11-26,1,Account / login / restore,Total Entäuscht
Endel,DE,endel-DE-297,2022-11-14,3,"Confusing / hard to figure out (onboarding, navigation)",extremely confusing ux
Endel,DE,endel-DE-298,2022-11-07,1,Repetitiveness / lack of variety,Eintönige Klänge
Endel,DE,endel-DE-299,2022-10-21,2,Other (uncategorized),Totally Overloaded
Brain.fm,US,brainfm-US-000,2026-08-28,3,Other (uncategorized),It’s just music.
Brain.fm,US,brainfm-US-004,2026-08-17,3,Account / login / restore,Helpful but app needs refinement
Brain.fm,US,brainfm-US-005,2026-08-17,1,Cancellation difficulty,Spam mail
Brain.fm,US,brainfm-US-012,2026-08-04,1,Other (uncategorized),99$ and what??
Brain.fm,US,brainfm-US-013,2026-08-03,1,Other (uncategorized),No trial without subscription
Brain.fm,US,brainfm-US-016,2026-07-27,1,Other (uncategorized),Purchase
Brain.fm,US,brainfm-US-020,2026-07-21,2,Price / value / paywall,Crazy expensive
Brain.fm,US,brainfm-US-025,2026-07-13,1,Other (uncategorized),Subscription
Brain.fm,US,brainfm-US-026,2026-07-12,2,Free alternatives exist (YouTube / free apps),Not worth the cost
Brain.fm,US,brainfm-US-029,2026-07-08,3,Feature removed / update regression,Bring back workout mode!!! Please!!!
Brain.fm,US,brainfm-US-031,2026-07-06,1,Other (uncategorized),This isn’t for everyone
Brain.fm,US,brainfm-US-038,2026-06-11,1,Other (uncategorized),Beware
Brain.fm,US,brainfm-US-042,2026-06-05,1,Subscription model resented (was one-time / went subscription),Didn’t work at all.
Brain.fm,US,brainfm-US-043,2026-06-04,2,Billing / unauthorized charges / refund anger,Forced to pay a year
Brain.fm,US,brainfm-US-045,2026-05-28,2,Account / login / restore,Sign in issue
Brain.fm,US,brainfm-US-047,2026-05-27,3,Repetitiveness / lack of variety,I Really Wanted to Like It…
Brain.fm,US,brainfm-US-048,2026-05-23,1,"AI-generated music distaste (""soulless"")",Expensive and Hype
Brain.fm,US,brainfm-US-054,2026-05-08,2,Cancellation difficulty,Used for YEARS but recently getting error message :(
Brain.fm,US,brainfm-US-058,2026-05-04,1,UX / app bugs / reliability,Crashes on login
Brain.fm,US,brainfm-US-059,2026-04-29,1,Other (uncategorized),Purchase?!
Brain.fm,US,brainfm-US-060,2026-04-29,3,Upsell / ads / nagging in-app,Yes but no
Brain.fm,US,brainfm-US-062,2026-04-28,2,Free alternatives exist (YouTube / free apps),Overpriced
Brain.fm,US,brainfm-US-065,2026-04-06,1,"AI-generated music distaste (""soulless"")",AI generated elevator music
Brain.fm,US,brainfm-US-070,2026-03-25,3,Other (uncategorized),Jazz and Piano
Brain.fm,US,brainfm-US-071,2026-03-24,2,Price / value / paywall,Was great
Brain.fm,US,brainfm-US-075,2026-03-20,3,Other (uncategorized),Great Music
Brain.fm,US,brainfm-US-077,2026-03-18,2,Other (uncategorized),Like the app but…
Brain.fm,US,brainfm-US-078,2026-03-18,1,Other (uncategorized),Bruh
Brain.fm,US,brainfm-US-079,2026-03-17,1,Billing / unauthorized charges / refund anger,Renewal Issues
Brain.fm,US,brainfm-US-080,2026-03-11,1,Misleading advertising,Deceptive
Brain.fm,US,brainfm-US-082,2026-03-08,3,Sound quality / unpleasant sounds,Idea is great. Navigation wasn’t. Genre’s of Music Limited.
Brain.fm,US,brainfm-US-086,2026-03-05,1,Other (uncategorized),Don’t download
Brain.fm,US,brainfm-US-088,2026-03-04,1,Cancellation difficulty,Disappointed. Music Choppy. Team Slow to Respond
Brain.fm,US,brainfm-US-089,2026-02-26,1,UX / app bugs / reliability,Crashes when I log in
Brain.fm,US,brainfm-US-092,2026-02-19,1,Other (uncategorized),Stay far away from this app
Brain.fm,US,brainfm-US-093,2026-02-19,3,Free alternatives exist (YouTube / free apps),No playback with other apps
Brain.fm,US,brainfm-US-097,2026-02-15,3,Price / value / paywall,Doesnt make sense that it costs more than youtube music
Brain.fm,US,brainfm-US-100,2026-02-12,1,UX / app bugs / reliability,Not for people with ADHD at all
Brain.fm,US,brainfm-US-101,2026-02-11,1,"Paywall on launch / too little free content / ""not free""","Buggy onboarding, too harsh paywall, overpriced"
Brain.fm,US,brainfm-US-102,2026-02-10,2,Other (uncategorized),Disorienting
Brain.fm,US,brainfm-US-103,2026-02-08,1,"""Doesn't work / no effect""",It’s a waste of money
Brain.fm,US,brainfm-US-105,2026-02-03,1,Billing / unauthorized charges / refund anger,Glitch makes me unable to use my subscription
Brain.fm,US,brainfm-US-109,2026-01-22,1,Price / value / paywall,It ain’t free
Brain.fm,US,brainfm-US-110,2026-01-22,3,Other (uncategorized),Limited
Brain.fm,US,brainfm-US-113,2026-01-19,1,Account / login / restore,Too expensive subscription
Brain.fm,US,brainfm-US-116,2026-01-12,1,No offline / streaming-only,"Music great, app terrible"
Brain.fm,US,brainfm-US-125,2025-12-19,3,Account / login / restore,Im a little confused..
Brain.fm,US,brainfm-US-128,2025-12-08,3,Upsell / ads / nagging in-app,Ads prefered
Brain.fm,US,brainfm-US-136,2025-11-10,2,"Paywall on launch / too little free content / ""not free""",Theres A Critical Flaw
Brain.fm,US,brainfm-US-137,2025-11-09,1,"Paywall on launch / too little free content / ""not free""",NOT FREE
Brain.fm,US,brainfm-US-141,2025-10-29,1,"Paywall on launch / too little free content / ""not free""",Not free
Brain.fm,US,brainfm-US-145,2025-10-18,1,Billing / unauthorized charges / refund anger,"Beware of ""free"" trial"
Brain.fm,US,brainfm-US-149,2025-10-10,2,UX / app bugs / reliability,The mobile and web app are riddled with issues. Same 5 songs over and 
Brain.fm,US,brainfm-US-157,2025-09-25,1,UX / app bugs / reliability,Email sign in crashes app iOS 26
Brain.fm,US,brainfm-US-158,2025-09-23,2,Other (uncategorized),"It works, music’s great. App: horrible"
Brain.fm,US,brainfm-US-160,2025-09-23,1,Billing / unauthorized charges / refund anger,Bad app
Brain.fm,US,brainfm-US-161,2025-09-22,1,UX / app bugs / reliability,Love but subscription won’t sync
Brain.fm,US,brainfm-US-164,2025-09-15,1,UX / app bugs / reliability,Keeps crashing
Brain.fm,US,brainfm-US-165,2025-09-15,3,"Missing platform / device support (Mac, watch, iPad, CarPlay…)",Needs HomePod support
Brain.fm,US,brainfm-US-166,2025-09-13,2,Cancellation difficulty,Needs Work
Brain.fm,US,brainfm-US-167,2025-09-11,1,"AI-generated music distaste (""soulless"")",AI Music
Brain.fm,US,brainfm-US-170,2025-09-08,2,Other (uncategorized),I don’t like it’s made with AI HUGE TURN OFF
Brain.fm,US,brainfm-US-178,2025-07-24,3,Sound quality / unpleasant sounds,"Helps with focus, but repetitive"
Brain.fm,US,brainfm-US-179,2025-07-23,2,UX / app bugs / reliability,Payment Glitches Every Other Month
Brain.fm,US,brainfm-US-181,2025-07-13,3,Other (uncategorized),Love the product. Can’t use right now
Brain.fm,US,brainfm-US-184,2025-07-09,1,Billing / unauthorized charges / refund anger,Doesn’t let you use app!
Brain.fm,US,brainfm-US-186,2025-06-28,1,"Missing platform / device support (Mac, watch, iPad, CarPlay…)",Doesn’t seem to work for me
Brain.fm,US,brainfm-US-188,2025-06-23,1,"Confusing / hard to figure out (onboarding, navigation)",App constantly doesn’t work
Brain.fm,US,brainfm-US-189,2025-06-22,1,Cancellation difficulty,Don’t buy
Brain.fm,US,brainfm-US-191,2025-06-16,2,UX / app bugs / reliability,Unstable iOS desktop app — don’t bother.
Brain.fm,US,brainfm-US-195,2025-05-30,3,UX / app bugs / reliability,Bugs
Brain.fm,US,brainfm-US-196,2025-05-30,1,Billing / unauthorized charges / refund anger,It’s a scam
Brain.fm,US,brainfm-US-197,2025-05-30,3,Price / value / paywall,Nice App but Expensive
Brain.fm,US,brainfm-US-198,2025-05-27,3,UX / app bugs / reliability,Enjoyable and effective
Brain.fm,US,brainfm-US-202,2025-05-20,3,Other (uncategorized),Good but…
Brain.fm,US,brainfm-US-205,2025-05-12,1,"""Doesn't work / no effect""",blah
Brain.fm,US,brainfm-US-207,2025-05-08,1,Other (uncategorized),Antithetical behavior to stated purpose
Brain.fm,US,brainfm-US-208,2025-04-30,1,Other (uncategorized),Was a good app
Brain.fm,US,brainfm-US-209,2025-04-29,1,"""Doesn't work / no effect""",Just more… noise. : (
Brain.fm,US,brainfm-US-215,2025-03-31,3,"Confusing / hard to figure out (onboarding, navigation)",Some tracks amazing but app needs work
Brain.fm,US,brainfm-US-216,2025-03-24,1,Other (uncategorized),Horrible & painful “focus” sound
Brain.fm,US,brainfm-US-223,2025-03-08,1,UX / app bugs / reliability,Disappointing nonsense
Brain.fm,US,brainfm-US-224,2025-03-08,1,Account / login / restore,Failure to Recognize Paid Subscription
Brain.fm,US,brainfm-US-226,2025-03-02,1,Billing / unauthorized charges / refund anger,Bluetooth issues
Brain.fm,US,brainfm-US-229,2025-02-20,1,Billing / unauthorized charges / refund anger,Zero customer service response
Brain.fm,US,brainfm-US-239,2025-01-23,1,Sound quality / unpleasant sounds,Aggravating
Brain.fm,US,brainfm-US-240,2025-01-21,1,"Paywall on launch / too little free content / ""not free""",No free option
Brain.fm,US,brainfm-US-247,2025-01-07,3,Other (uncategorized),Helicopters in my brain
Brain.fm,US,brainfm-US-252,2024-12-22,3,"Missing platform / device support (Mac, watch, iPad, CarPlay…)",Interval Timer Missing
Brain.fm,US,brainfm-US-260,2024-11-27,1,UX / app bugs / reliability,Sign up didn’t work
Brain.fm,US,brainfm-US-268,2024-10-30,1,Account / login / restore,Can’t restore purchase
Brain.fm,US,brainfm-US-270,2024-10-24,1,No offline / streaming-only,Deletes offline library
Brain.fm,US,brainfm-US-276,2024-09-28,1,"""Doesn't work / no effect""",Doesn’t help in sleep.
Brain.fm,US,brainfm-US-279,2024-09-22,1,Free alternatives exist (YouTube / free apps),"Music is nice, App is not."
Brain.fm,US,brainfm-US-282,2024-09-05,3,UX / app bugs / reliability,Crashes a lot
Brain.fm,US,brainfm-US-289,2024-08-11,3,UX / app bugs / reliability,I love this app but it stopped working suddenly
Brain.fm,US,brainfm-US-294,2024-07-17,2,Free alternatives exist (YouTube / free apps),Basically Lofi playlist from Youtube. Why is this $10 a month???
Brain.fm,US,brainfm-US-296,2024-07-07,1,UX / app bugs / reliability,Doesn’t work
Brain.fm,US,brainfm-US-297,2024-07-02,1,Price / value / paywall,Why is the app free
Brain.fm,DE,brainfm-DE-000,2026-08-02,1,Customer support,Schlechter Service und Geld rausgeschmissen
Brain.fm,DE,brainfm-DE-002,2026-07-08,1,Price / value / paywall,Preisinfo erst nach Dateneingabe
Brain.fm,DE,brainfm-DE-003,2026-06-24,1,Billing / unauthorized charges / refund anger,Unpleasant experience
Brain.fm,DE,brainfm-DE-005,2026-06-09,1,"Paywall on launch / too little free content / ""not free""",BRAUCHT MANN NICHT !
Brain.fm,DE,brainfm-DE-010,2026-04-21,1,Account / login / restore,Haben keine Account gehackt
Brain.fm,DE,brainfm-DE-012,2026-03-28,2,Cancellation difficulty,Brain.fm concept works - the app not!
Brain.fm,DE,brainfm-DE-014,2026-02-07,3,Price / value / paywall,Too expensive
Brain.fm,DE,brainfm-DE-015,2026-02-06,1,Price / value / paywall,Great Focus but waaay to expensive!
Brain.fm,DE,brainfm-DE-016,2026-01-07,2,Price / value / paywall,Coole App but way too expensive
Brain.fm,DE,brainfm-DE-018,2025-12-12,1,Price / value / paywall,Too expensive
Brain.fm,DE,brainfm-DE-019,2025-11-21,1,Price / value / paywall,Charged even though in trial
Brain.fm,DE,brainfm-DE-022,2025-10-18,1,No offline / streaming-only,Okay but not great
Brain.fm,DE,brainfm-DE-023,2025-09-07,2,Sound quality / unpleasant sounds,Immer derselbe EDM
Brain.fm,DE,brainfm-DE-026,2025-07-01,3,Price / value / paywall,Zu teuer
Brain.fm,DE,brainfm-DE-028,2025-06-09,1,Sound quality / unpleasant sounds,Audio has low quality
Brain.fm,DE,brainfm-DE-029,2025-05-15,2,Price / value / paywall,Eher meh
Brain.fm,DE,brainfm-DE-030,2025-04-16,1,Other (uncategorized),Ich spreche und verstehe kein Englisch…
Brain.fm,DE,brainfm-DE-034,2024-04-16,1,Other (uncategorized),Stürzt beim Öffnen ab
Brain.fm,DE,brainfm-DE-038,2023-12-20,2,Price / value / paywall,Gut aber viel zu teuer
Brain.fm,DE,brainfm-DE-042,2023-03-30,1,Sound quality / unpleasant sounds,Scheußlich
Brain.fm,DE,brainfm-DE-048,2022-08-28,3,"Missing platform / device support (Mac, watch, iPad, CarPlay…)","Love it, but why no volume control?"
Brain.fm,DE,brainfm-DE-049,2022-08-16,2,Cancellation difficulty,Mit der Zeit immer fehlerhafter
Brain.fm,DE,brainfm-DE-050,2022-07-04,1,Feature removed / update regression,Very buggy since update
Brain.fm,DE,brainfm-DE-053,2022-02-26,1,Billing / unauthorized charges / refund anger,Scam!
Brain.fm,DE,brainfm-DE-054,2022-02-07,1,UX / app bugs / reliability,App doesn’t work
Brain.fm,DE,brainfm-DE-055,2021-12-13,1,Price / value / paywall,Unseriöse Informationspolitik
Brain.fm,DE,brainfm-DE-056,2021-09-03,1,Subscription model resented (was one-time / went subscription),Abzocke
Brain.fm,DE,brainfm-DE-062,2020-09-26,1,"""Doesn't work / no effect""",Useless unless you pay
Brain.fm,DE,brainfm-DE-069,2020-04-07,1,Sound quality / unpleasant sounds,Bad vibes
Brain.fm,DE,brainfm-DE-070,2020-04-05,1,Other (uncategorized),Upgrade to paid but version but still no sessions available
Brain.fm,DE,brainfm-DE-072,2020-01-13,1,Cancellation difficulty,Subscription cannot be cancelled
Brain.fm,DE,brainfm-DE-073,2020-01-05,1,UX / app bugs / reliability,"Too many bugs, great music"
Brain.fm,DE,brainfm-DE-076,2019-10-21,1,Cancellation difficulty,Knebelvertrag
Brain.fm,DE,brainfm-DE-077,2019-10-14,2,Other (uncategorized),Really bad app
Brain.fm,DE,brainfm-DE-078,2019-10-09,2,UX / app bugs / reliability,The sounds work the app doesn’t
Brain.fm,DE,brainfm-DE-079,2019-10-01,1,Feature removed / update regression,Connection issues since update
Brain.fm,DE,brainfm-DE-080,2019-09-25,2,Other (uncategorized),Please add horizontal orientation for iPads!
Brain.fm,DE,brainfm-DE-081,2019-09-22,3,"Missing platform / device support (Mac, watch, iPad, CarPlay…)","Good effect, poor app"
Brain.fm,DE,brainfm-DE-083,2019-09-08,3,"Missing platform / device support (Mac, watch, iPad, CarPlay…)",Gut mit Schwächen
Brain.fm,DE,brainfm-DE-085,2019-02-23,1,"Paywall on launch / too little free content / ""not free""",Unnütz und teuer
Brain.fm,DE,brainfm-DE-086,2018-12-14,3,Price / value / paywall,Preise unfreundlich für Gelegenheitsnutzer
Brain.fm,DE,brainfm-DE-088,2018-10-08,1,Price / value / paywall,Grotesk teuer
Brain.fm,DE,brainfm-DE-094,2018-04-13,1,No offline / streaming-only,Tolle Idee es funktioniert auch aber...
Brain.fm,DE,brainfm-DE-095,2018-04-04,3,Other (uncategorized),"Service is great, app is faulty."
Brain.fm,DE,brainfm-DE-097,2018-01-27,1,Other (uncategorized),Ohne Effekt
Brain.fm,DE,brainfm-DE-100,2018-01-02,2,Cancellation difficulty,No possibility to unsibscribe
Brain.fm,DE,brainfm-DE-108,2017-07-27,3,No offline / streaming-only,Fix and get 5*
Brain.fm,DE,brainfm-DE-109,2017-06-01,1,Other (uncategorized),Terrible
Brain.fm,DE,brainfm-DE-112,2017-05-11,1,UX / app bugs / reliability,Disappointing
Brain.fm,DE,brainfm-DE-117,2017-02-21,2,UX / app bugs / reliability,Technische Schwierigkeiten
