app,storefront,id,date,rating,praise_codes,title
Focus@Will,US,focusatwill-US-002,2026-05-01,4,,"This app is amazing, although I'm having an issue."
Focus@Will,US,focusatwill-US-012,2025-01-16,5,effect: focus / productivity|effect: anxiety / calm|variety / catalog size,Unlock Deep Focus Anywhere
Focus@Will,US,focusatwill-US-013,2025-01-04,5,effect: focus / productivity|effect: ADHD / neurodivergent|effect: anxiety / calm,Focus & Flow
Focus@Will,US,focusatwill-US-014,2024-12-15,5,effect: focus / productivity,Love this app
Focus@Will,US,focusatwill-US-020,2024-09-03,5,effect: focus / productivity,I love the new chinchilla focus
Focus@Will,US,focusatwill-US-029,2023-08-06,5,effect: focus / productivity|price / value for money,100% improvement for me!
Focus@Will,US,focusatwill-US-034,2022-09-08,5,effect: focus / productivity|effect: ADHD / neurodivergent|price / value for money,Gets my brain in the zone
Focus@Will,US,focusatwill-US-039,2022-03-26,4,,Unable to renew subscription
Focus@Will,US,focusatwill-US-042,2021-11-22,5,effect: focus / productivity|longevity / daily habit,My new focus super power…
Focus@Will,US,focusatwill-US-043,2021-11-01,4,,"Great background music, real battery killer"
Focus@Will,US,focusatwill-US-044,2021-10-31,5,effect: sleep|effect: anxiety / calm|science framing,Life changing
Focus@Will,US,focusatwill-US-045,2021-10-31,5,effect: focus / productivity|effect: sleep|effect: anxiety / calm,Wonderful
Focus@Will,US,focusatwill-US-048,2021-08-13,5,effect: focus / productivity|effect: ADHD / neurodivergent|price / value for money,Helpful for my ADD
Focus@Will,US,focusatwill-US-049,2021-08-02,5,effect: focus / productivity|longevity / daily habit,The best for focus
Focus@Will,US,focusatwill-US-053,2021-07-07,5,,Awesome app update
Focus@Will,US,focusatwill-US-055,2021-05-28,5,effect: focus / productivity,This stuff works!
Focus@Will,US,focusatwill-US-058,2021-03-12,5,effect: focus / productivity,Focus
Focus@Will,US,focusatwill-US-061,2020-11-29,5,effect: focus / productivity|science framing,Great Tool for Deep Thinking
Focus@Will,US,focusatwill-US-063,2020-09-11,5,effect: focus / productivity|one-time purchase / no subscription|design / UI / aesthetics,Great for exercising
Focus@Will,US,focusatwill-US-064,2020-08-29,5,effect: focus / productivity,It really works
Focus@Will,US,focusatwill-US-065,2020-08-26,5,effect: focus / productivity|effect: ADHD / neurodivergent|longevity / daily habit,Unique and amazing tool for ADHD Focus!
Focus@Will,US,focusatwill-US-066,2020-08-21,5,sound quality / character|science framing,Interesting glitch
Focus@Will,US,focusatwill-US-067,2020-08-07,5,effect: focus / productivity|effect: anxiety / calm,Love this app?
Focus@Will,US,focusatwill-US-068,2020-07-28,5,effect: focus / productivity|effect: tinnitus / noise masking,Noisy neighbors
Focus@Will,US,focusatwill-US-069,2020-07-08,5,effect: focus / productivity|price / value for money,I love it!!
Focus@Will,US,focusatwill-US-070,2020-06-07,5,effect: focus / productivity,great productivity app
Focus@Will,US,focusatwill-US-071,2020-04-18,5,effect: focus / productivity|one-time purchase / no subscription,Focusing app that is also enjoyable!
Focus@Will,US,focusatwill-US-072,2020-04-18,5,effect: focus / productivity,It works great.
Focus@Will,US,focusatwill-US-076,2020-02-25,5,effect: focus / productivity|effect: ADHD / neurodivergent|science framing,Voodoo
Focus@Will,US,focusatwill-US-086,2019-11-14,5,effect: focus / productivity|one-time purchase / no subscription|design / UI / aesthetics,Ready for prime time
Focus@Will,US,focusatwill-US-089,2019-09-30,4,effect: focus / productivity|effect: ADHD / neurodivergent,I think you could get more for money in app?
Focus@Will,US,focusatwill-US-090,2019-09-16,5,effect: focus / productivity,always on
Focus@Will,US,focusatwill-US-091,2019-09-10,5,effect: focus / productivity|effect: tinnitus / noise masking|integration (watch / home / desktop / shortcuts),Perfect for open offices
Focus@Will,US,focusatwill-US-092,2019-09-08,5,effect: focus / productivity|design / UI / aesthetics|longevity / daily habit,Focus gives you focus and no BS
Focus@Will,US,focusatwill-US-093,2019-09-07,5,price / value for money,I use this all the time
Focus@Will,US,focusatwill-US-094,2019-09-07,5,price / value for money,Worth it
Focus@Will,US,focusatwill-US-095,2019-09-06,5,effect: focus / productivity,Focus@Will is Amazing
Focus@Will,US,focusatwill-US-096,2019-09-06,5,effect: anxiety / calm,Listening to Water 1
Focus@Will,US,focusatwill-US-097,2019-09-05,4,effect: focus / productivity|effect: anxiety / calm,Drone baby drone.
Focus@Will,US,focusatwill-US-098,2019-09-05,5,,Best work app
Focus@Will,US,focusatwill-US-099,2019-09-05,5,effect: focus / productivity,Increased productivity
Focus@Will,US,focusatwill-US-100,2019-09-05,5,effect: focus / productivity|longevity / daily habit,Game changer
Focus@Will,US,focusatwill-US-101,2019-09-05,5,effect: focus / productivity|design / UI / aesthetics|integration (watch / home / desktop / shortcuts)|longevity / daily habit,Good music for deep work
Focus@Will,US,focusatwill-US-102,2019-09-05,4,effect: focus / productivity|design / UI / aesthetics|longevity / daily habit|effect: ADHD / neurodivergent,Keeps me focused
Focus@Will,US,focusatwill-US-103,2019-09-05,5,,Post concussion therapy
Focus@Will,US,focusatwill-US-104,2019-09-04,5,effect: focus / productivity,Zoom in
Focus@Will,US,focusatwill-US-106,2019-08-30,5,effect: focus / productivity|one-time purchase / no subscription|effect: ADHD / neurodivergent,I am a lifetime member
Focus@Will,US,focusatwill-US-108,2019-07-02,4,effect: focus / productivity|variety / catalog size,Great tool for attention
Focus@Will,US,focusatwill-US-112,2019-05-21,5,effect: focus / productivity,Amazingly it helps
Focus@Will,US,focusatwill-US-114,2019-05-14,4,,Needs AirPod support
Focus@Will,US,focusatwill-US-115,2019-05-09,5,effect: focus / productivity|price / value for money|honesty / fair treatment / respects the user|longevity / daily habit,Absolutely LOVE this program!
Focus@Will,US,focusatwill-US-121,2019-04-07,5,effect: focus / productivity|price / value for money,GETS ME IN THE ZONE
Focus@Will,US,focusatwill-US-122,2019-04-07,5,effect: focus / productivity|price / value for money,Can’t live without this.
Focus@Will,US,focusatwill-US-123,2019-04-06,4,effect: focus / productivity|one-time purchase / no subscription|design / UI / aesthetics|science framing,Neuroscience experts need to hire a user interface expert
Focus@Will,US,focusatwill-US-125,2019-03-24,5,,New Update
Focus@Will,US,focusatwill-US-127,2019-03-14,5,effect: focus / productivity|effect: anxiety / calm|longevity / daily habit,Consistently effective
Focus@Will,US,focusatwill-US-130,2019-03-05,5,effect: focus / productivity,Indispensable Focusing Tool
Focus@Will,US,focusatwill-US-132,2019-03-01,4,variety / catalog size,Working from home
Focus@Will,US,focusatwill-US-133,2019-02-28,5,effect: focus / productivity|effect: ADHD / neurodivergent|longevity / daily habit,Very helpful! Especially for those with Adult ADHD!
Focus@Will,US,focusatwill-US-134,2019-02-22,5,effect: focus / productivity,Flow state on demand!
Focus@Will,US,focusatwill-US-135,2019-02-06,5,effect: focus / productivity,Works so well...
Focus@Will,US,focusatwill-US-136,2019-01-23,5,effect: focus / productivity|effect: anxiety / calm,Game changer!
Focus@Will,US,focusatwill-US-138,2019-01-12,5,effect: focus / productivity|one-time purchase / no subscription|design / UI / aesthetics|science framing,Get. This. App.
Focus@Will,US,focusatwill-US-143,2018-12-09,5,sound quality / character|price / value for money,Essential!
Focus@Will,US,focusatwill-US-145,2018-11-20,5,effect: focus / productivity,Super Effective!
Focus@Will,US,focusatwill-US-146,2018-11-01,5,effect: focus / productivity|variety / catalog size,"A solid, trusted app for dedicated focus"
Focus@Will,US,focusatwill-US-148,2018-10-23,4,,Very helpful
Focus@Will,US,focusatwill-US-149,2018-10-17,4,effect: focus / productivity|price / value for money,Helpful for Studying
Focus@Will,US,focusatwill-US-151,2018-09-22,5,effect: focus / productivity|effect: ADHD / neurodivergent,ADHD support
Focus@Will,US,focusatwill-US-152,2018-09-12,4,effect: focus / productivity|one-time purchase / no subscription|design / UI / aesthetics,This makes me more productive
Focus@Will,US,focusatwill-US-153,2018-09-11,5,effect: focus / productivity|design / UI / aesthetics,Love it!
Focus@Will,US,focusatwill-US-154,2018-09-10,5,,Awesome
Focus@Will,US,focusatwill-US-155,2018-08-17,5,,Propeller is like sitting on an airplane
Focus@Will,US,focusatwill-US-157,2018-08-10,5,effect: focus / productivity|longevity / daily habit,It works!
Focus@Will,US,focusatwill-US-158,2018-08-08,5,effect: focus / productivity|variety / catalog size|longevity / daily habit,Awesome app
Focus@Will,US,focusatwill-US-160,2018-08-01,5,effect: focus / productivity|effect: ADHD / neurodivergent,Godsend for ADD
Focus@Will,US,focusatwill-US-161,2018-07-25,5,effect: focus / productivity|variety / catalog size|control / customization,Focus is possible! Adaptable sound on easy app
Focus@Will,US,focusatwill-US-162,2018-07-24,5,effect: focus / productivity|effect: anxiety / calm|longevity / daily habit,Absolutely love this app
Focus@Will,US,focusatwill-US-163,2018-07-18,5,effect: focus / productivity|one-time purchase / no subscription,The best aide to focused work
Focus@Will,US,focusatwill-US-165,2018-07-15,5,effect: focus / productivity|effect: anxiety / calm,Excellent productivity tool
Focus@Will,US,focusatwill-US-166,2018-07-15,4,offline / privacy / no account,Great product. Need offline capability.
Focus@Will,US,focusatwill-US-167,2018-07-13,5,,Great app!
Focus@Will,US,focusatwill-US-168,2018-07-13,4,effect: focus / productivity|price / value for money,"Really helpful, requires frequent restarts"
Focus@Will,US,focusatwill-US-170,2018-07-10,5,effect: focus / productivity,Thank You
Focus@Will,US,focusatwill-US-171,2018-07-09,5,longevity / daily habit,Best app I own
Focus@Will,US,focusatwill-US-172,2018-07-09,5,effect: focus / productivity,Great app!
Focus@Will,US,focusatwill-US-175,2018-06-29,5,effect: focus / productivity,Great for focus
Focus@Will,US,focusatwill-US-176,2018-06-28,5,effect: focus / productivity,Works
Focus@Will,US,focusatwill-US-179,2018-06-10,5,effect: focus / productivity|longevity / daily habit,Don’t miss out!
Focus@Will,US,focusatwill-US-180,2018-06-08,5,effect: focus / productivity,Do it
Focus@Will,US,focusatwill-US-181,2018-06-07,4,effect: focus / productivity,Quite a good service
Focus@Will,US,focusatwill-US-182,2018-06-06,4,effect: focus / productivity|price / value for money|longevity / daily habit,What can I say?
Focus@Will,US,focusatwill-US-184,2018-06-03,5,effect: focus / productivity,Focus Mastery
Focus@Will,US,focusatwill-US-185,2018-06-03,5,effect: focus / productivity|effect: ADHD / neurodivergent,Very helpful!
Focus@Will,US,focusatwill-US-187,2018-05-21,5,effect: focus / productivity|effect: tinnitus / noise masking,Finally can focus
Focus@Will,US,focusatwill-US-188,2018-05-21,5,effect: focus / productivity,It works!
Focus@Will,US,focusatwill-US-189,2018-05-19,5,effect: focus / productivity|price / value for money,Unlimited Lyric-Free Streaming
Focus@Will,US,focusatwill-US-190,2018-05-12,5,effect: focus / productivity,I absolutely love Focus@will!
Focus@Will,US,focusatwill-US-193,2018-04-11,5,effect: focus / productivity|effect: anxiety / calm,Like Pavlov’s dog ... I have trained myself
Focus@Will,US,focusatwill-US-194,2018-04-05,4,price / value for money,Good overall. A little buggy.
Focus@Will,US,focusatwill-US-196,2018-02-06,5,effect: focus / productivity|variety / catalog size|integration (watch / home / desktop / shortcuts),Great for focusing as promised.
Focus@Will,US,focusatwill-US-200,2017-12-20,5,effect: focus / productivity,Awesome
Focus@Will,US,focusatwill-US-201,2017-12-11,5,one-time purchase / no subscription,Makes a Difference for Me
Focus@Will,US,focusatwill-US-202,2017-11-12,5,effect: focus / productivity|price / value for money|honesty / fair treatment / respects the user|science framing,Scientifically perfect!
Focus@Will,US,focusatwill-US-204,2017-11-01,4,effect: focus / productivity|sound quality / character|design / UI / aesthetics|integration (watch / home / desktop / shortcuts)|longevity / daily habit,It pays for itself many times over every day.
Focus@Will,US,focusatwill-US-206,2017-10-12,4,control / customization|design / UI / aesthetics,Good! But could be better
Focus@Will,US,focusatwill-US-208,2017-09-30,5,effect: focus / productivity,Great tool
Focus@Will,US,focusatwill-US-209,2017-09-27,5,effect: focus / productivity|variety / catalog size|longevity / daily habit,"From a long time user, this works."
Focus@Will,US,focusatwill-US-210,2017-09-22,5,,Super convenient
Focus@Will,US,focusatwill-US-211,2017-09-15,5,,Love it.
Focus@Will,US,focusatwill-US-212,2017-09-13,5,,It helps
Focus@Will,US,focusatwill-US-213,2017-09-11,5,effect: focus / productivity,Terrific help to focus
Focus@Will,US,focusatwill-US-214,2017-08-31,5,effect: focus / productivity|effect: ADHD / neurodivergent|effect: anxiety / calm|longevity / daily habit,Amazingly helpful. Truly delivers
Focus@Will,US,focusatwill-US-215,2017-08-25,5,effect: focus / productivity|control / customization|price / value for money,Best background music to concentrate and read to!
Focus@Will,US,focusatwill-US-216,2017-08-24,5,effect: focus / productivity,Very helpful
Focus@Will,US,focusatwill-US-217,2017-08-08,5,effect: focus / productivity|one-time purchase / no subscription|science framing,Life Time Subscriber
Focus@Will,US,focusatwill-US-218,2017-08-07,5,effect: focus / productivity,Very helpful
Focus@Will,US,focusatwill-US-219,2017-08-05,5,effect: focus / productivity|effect: anxiety / calm,Calming
Focus@Will,US,focusatwill-US-220,2017-08-04,5,longevity / daily habit,Critical tool for work effectiveness
Focus@Will,US,focusatwill-US-221,2017-08-03,5,effect: focus / productivity|longevity / daily habit,Focus at Will
Focus@Will,US,focusatwill-US-223,2017-08-01,4,effect: focus / productivity,A Useful Tool
Focus@Will,US,focusatwill-US-224,2017-08-01,4,effect: focus / productivity,Excellent stuff
Focus@Will,US,focusatwill-US-225,2017-07-31,5,effect: focus / productivity|effect: ADHD / neurodivergent|science framing,A game-changer
Focus@Will,US,focusatwill-US-228,2017-07-27,5,effect: focus / productivity,It really works!
Focus@Will,US,focusatwill-US-229,2017-07-20,5,effect: focus / productivity,Really works!
Focus@Will,US,focusatwill-US-230,2017-07-12,5,effect: focus / productivity,This app delivers
Focus@Will,US,focusatwill-US-231,2017-07-08,5,effect: focus / productivity,I'm a huge fan
Focus@Will,US,focusatwill-US-232,2017-07-02,5,effect: focus / productivity|design / UI / aesthetics,Focus at Will
Focus@Will,US,focusatwill-US-233,2017-06-20,5,effect: focus / productivity,Virtual magic!
Focus@Will,US,focusatwill-US-235,2017-06-04,5,effect: focus / productivity|effect: ADHD / neurodivergent,Wonderful resource for the ADHD mind
Focus@Will,US,focusatwill-US-236,2017-05-30,5,effect: focus / productivity|variety / catalog size|longevity / daily habit,Love this app!
Focus@Will,US,focusatwill-US-237,2017-05-23,5,effect: focus / productivity|longevity / daily habit,It works.
Focus@Will,US,focusatwill-US-239,2017-05-09,5,effect: focus / productivity,Nice
Focus@Will,US,focusatwill-US-241,2017-04-25,5,effect: tinnitus / noise masking|control / customization,I love this app
Focus@Will,US,focusatwill-US-243,2017-04-10,5,effect: focus / productivity|longevity / daily habit,My favorite thing
Focus@Will,US,focusatwill-US-247,2017-03-29,5,effect: focus / productivity|longevity / daily habit,It really works
Focus@Will,US,focusatwill-US-249,2017-02-25,5,effect: focus / productivity|variety / catalog size|control / customization|one-time purchase / no subscription|longevity / daily habit,Love this app!
Focus@Will,US,focusatwill-US-254,2016-12-17,5,effect: focus / productivity,Best thing for focus
Focus@Will,US,focusatwill-US-257,2016-11-28,5,effect: focus / productivity|longevity / daily habit,I Use It Every Day
Focus@Will,US,focusatwill-US-259,2016-11-18,5,science framing,Love it
Focus@Will,US,focusatwill-US-260,2016-11-14,4,effect: focus / productivity|price / value for money,Does what I need
Focus@Will,US,focusatwill-US-261,2016-10-31,5,effect: focus / productivity,This works for me!
Focus@Will,US,focusatwill-US-262,2016-10-31,5,effect: focus / productivity|design / UI / aesthetics|longevity / daily habit,My go-to app every day
Focus@Will,US,focusatwill-US-263,2016-10-29,5,effect: focus / productivity,A+
Focus@Will,US,focusatwill-US-265,2016-10-14,4,effect: focus / productivity|effect: anxiety / calm,Great app
Focus@Will,US,focusatwill-US-266,2016-10-13,5,price / value for money|science framing|longevity / daily habit,Well worth it with the discount
Focus@Will,US,focusatwill-US-276,2016-05-23,5,effect: focus / productivity|variety / catalog size|price / value for money,Useful App That Does One Thing Exceptionally Well
Focus@Will,US,focusatwill-US-277,2016-04-04,4,,Great
Focus@Will,US,focusatwill-US-282,2016-02-24,5,effect: focus / productivity,Best App for Getting Things Done!
Focus@Will,US,focusatwill-US-283,2016-02-23,5,effect: focus / productivity,If it can keep me focused...
Focus@Will,US,focusatwill-US-285,2016-02-19,4,effect: focus / productivity,It works
Focus@Will,US,focusatwill-US-286,2016-02-13,4,effect: focus / productivity|offline / privacy / no account,Relies too much on internet connection
Focus@Will,US,focusatwill-US-287,2016-02-05,5,offline / privacy / no account,Works!
Focus@Will,US,focusatwill-US-289,2016-01-13,5,effect: focus / productivity,Actually works
Focus@Will,US,focusatwill-US-291,2016-01-02,5,effect: focus / productivity,Tunes out internal distractions
Focus@Will,US,focusatwill-US-295,2015-10-25,5,effect: focus / productivity|price / value for money,Using over a year and love it
Focus@Will,US,focusatwill-US-297,2015-09-28,5,effect: focus / productivity|longevity / daily habit,My Go-To App ...
Focus@Will,US,focusatwill-US-298,2015-07-28,5,effect: focus / productivity|integration (watch / home / desktop / shortcuts)|longevity / daily habit,Love this app
Focus@Will,US,focusatwill-US-299,2015-07-26,5,,Great study tool
Focus@Will,US,focusatwill-US-302,2015-05-03,5,control / customization,Amazing
Focus@Will,US,focusatwill-US-305,2015-04-22,4,effect: focus / productivity|control / customization|design / UI / aesthetics,Good but needs polishing
Focus@Will,US,focusatwill-US-309,2015-02-21,5,effect: focus / productivity|effect: sleep|longevity / daily habit,Amazing Service
Focus@Will,US,focusatwill-US-310,2015-02-11,4,effect: focus / productivity|variety / catalog size,Loving it...mostly
Focus@Will,US,focusatwill-US-311,2015-02-01,4,effect: focus / productivity|effect: ADHD / neurodivergent|effect: anxiety / calm|offline / privacy / no account|science framing,Lifesaver! No offline-mode is its only flaw
Focus@Will,US,focusatwill-US-314,2015-01-22,5,,HIGHLY RECOMMEND!!!
Focus@Will,US,focusatwill-US-318,2014-11-28,5,,Great App
Focus@Will,US,focusatwill-US-320,2014-11-04,5,effect: focus / productivity,I love this app so much!
Focus@Will,US,focusatwill-US-322,2014-10-11,5,effect: focus / productivity,I love it. I miss my music!
Focus@Will,US,focusatwill-US-325,2014-08-31,5,effect: focus / productivity|longevity / daily habit,Magic
Focus@Will,US,focusatwill-US-326,2014-08-19,5,effect: focus / productivity,Very very good
Focus@Will,US,focusatwill-US-328,2014-08-17,5,longevity / daily habit,I use it every day
Focus@Will,US,focusatwill-US-329,2014-08-09,5,effect: focus / productivity,Love it!
Focus@Will,US,focusatwill-US-330,2014-07-30,5,longevity / daily habit,Great
Focus@Will,US,focusatwill-US-331,2014-07-28,5,,Truly a terrific tool
Focus@Will,US,focusatwill-US-332,2014-07-24,5,effect: focus / productivity|effect: ADHD / neurodivergent,Awesome app
Focus@Will,US,focusatwill-US-333,2014-07-21,5,price / value for money|longevity / daily habit,Works great
Focus@Will,US,focusatwill-US-338,2014-05-23,5,effect: focus / productivity|effect: ADHD / neurodivergent|price / value for money,ADHD Software Engineer
Focus@Will,US,focusatwill-US-341,2014-04-28,4,effect: focus / productivity,Helping me focus
Focus@Will,US,focusatwill-US-343,2014-04-26,5,effect: focus / productivity|effect: anxiety / calm|design / UI / aesthetics,Beautiful Music and Productivity Abound
Focus@Will,US,focusatwill-US-344,2014-04-26,5,effect: focus / productivity|effect: anxiety / calm,Makes it easier to ignore distractions
Focus@Will,US,focusatwill-US-345,2014-04-24,5,effect: focus / productivity,Works!
Focus@Will,US,focusatwill-US-346,2014-04-20,5,effect: focus / productivity,Ambient works great for studying!
Focus@Will,US,focusatwill-US-347,2014-04-15,5,effect: focus / productivity,Love it! Getting things done
Focus@Will,US,focusatwill-US-348,2014-03-25,4,,"Great product, decent app"
Focus@Will,US,focusatwill-US-353,2014-02-24,5,,I love this app
Focus@Will,US,focusatwill-US-354,2014-02-20,5,effect: focus / productivity,Excellent
Focus@Will,US,focusatwill-US-355,2014-02-18,5,effect: focus / productivity,Terrific App
Focus@Will,US,focusatwill-US-356,2014-02-18,5,effect: focus / productivity,As advertised
Focus@Will,US,focusatwill-US-357,2014-02-03,5,,Great for work and homework
Focus@Will,US,focusatwill-US-363,2013-12-29,5,,I don't do anything without it!
Focus@Will,US,focusatwill-US-364,2013-12-19,4,effect: focus / productivity|effect: sleep,Awesome.
Focus@Will,US,focusatwill-US-365,2013-12-10,5,effect: focus / productivity|longevity / daily habit,Great app!
Focus@Will,US,focusatwill-US-366,2013-12-01,5,effect: focus / productivity|variety / catalog size|design / UI / aesthetics|integration (watch / home / desktop / shortcuts),Works great for me
Focus@Will,US,focusatwill-US-372,2013-11-16,4,longevity / daily habit,Great product buggy app
Focus@Will,US,focusatwill-US-376,2013-10-14,5,effect: focus / productivity,Can't imagine work without this!
Focus@Will,US,focusatwill-US-377,2013-10-10,4,,"Very Effective, but has Technical Issues"
Focus@Will,US,focusatwill-US-379,2013-10-01,4,effect: focus / productivity,Helps my productivity
Focus@Will,US,focusatwill-US-381,2013-09-22,5,effect: focus / productivity|price / value for money,It does actually work!
Focus@Will,US,focusatwill-US-383,2013-09-16,4,,Really helpful
Focus@Will,US,focusatwill-US-384,2013-09-16,5,price / value for money|offline / privacy / no account,Love this app!  Premium account well worth it
Focus@Will,US,focusatwill-US-385,2013-09-15,5,effect: focus / productivity|price / value for money,Simple and works
Focus@Will,US,focusatwill-US-386,2013-09-14,5,effect: focus / productivity,This App Will Change Your Life
Focus@Will,US,focusatwill-US-387,2013-09-13,5,effect: ADHD / neurodivergent|effect: anxiety / calm,Getting a lot done
Focus@Will,US,focusatwill-US-388,2013-09-12,5,effect: focus / productivity,So helpful
Focus@Will,US,focusatwill-US-389,2013-09-12,5,effect: focus / productivity|variety / catalog size,Variety
Focus@Will,US,focusatwill-US-391,2013-09-10,5,effect: focus / productivity|variety / catalog size,Awesome app
Focus@Will,US,focusatwill-US-392,2013-09-10,4,,Good - needs to workout a few bugs
Focus@Will,US,focusatwill-US-393,2013-09-09,5,effect: focus / productivity|effect: ADHD / neurodivergent,Love it - great for ADHD
Focus@Will,US,focusatwill-US-394,2013-09-08,5,,Inspiring
Focus@Will,US,focusatwill-US-395,2013-09-07,5,effect: focus / productivity|effect: ADHD / neurodivergent,Professional with ADHD-PI
Focus@Will,US,focusatwill-US-397,2013-09-03,5,,Great app!
Focus@Will,US,focusatwill-US-398,2013-09-03,5,effect: focus / productivity,Key to getting things done
Focus@Will,US,focusatwill-US-399,2013-08-31,5,effect: focus / productivity,It actually works.
Focus@Will,US,focusatwill-US-400,2013-08-28,5,science framing,Science
Focus@Will,US,focusatwill-US-401,2013-08-28,5,,Love it!
Focus@Will,US,focusatwill-US-402,2013-08-27,5,,Good
Focus@Will,US,focusatwill-US-403,2013-08-22,5,longevity / daily habit,Works!
Focus@Will,US,focusatwill-US-404,2013-08-20,5,,WC
Focus@Will,US,focusatwill-US-405,2013-08-18,5,effect: focus / productivity|design / UI / aesthetics|longevity / daily habit,Can't work without it
Focus@Will,US,focusatwill-US-406,2013-08-18,4,effect: focus / productivity|sound quality / character|control / customization|science framing,"If you're having problems focusing, you need this app."
Focus@Will,US,focusatwill-US-407,2013-08-17,4,,Excellent
Focus@Will,US,focusatwill-US-408,2013-08-16,4,effect: focus / productivity,Great app
Focus@Will,US,focusatwill-US-409,2013-08-15,5,,"Perfect listening app, well organized"
Focus@Will,US,focusatwill-US-410,2013-08-15,5,effect: focus / productivity,Wow
Focus@Will,US,focusatwill-US-411,2013-08-11,5,effect: focus / productivity|control / customization,It Works
Focus@Will,US,focusatwill-US-412,2013-08-10,5,effect: focus / productivity,IT WORKS
Focus@Will,US,focusatwill-US-414,2013-06-27,4,science framing,Nice background music for work
Focus@Will,US,focusatwill-US-419,2013-06-05,4,effect: focus / productivity|effect: anxiety / calm,Yes! Get this App
Focus@Will,US,focusatwill-US-420,2013-06-04,5,effect: focus / productivity,Focus to the Max!
Focus@Will,US,focusatwill-US-422,2013-06-04,5,effect: focus / productivity,Absolutely AMAZING!
Focus@Will,US,focusatwill-US-424,2013-06-03,5,effect: focus / productivity|science framing,It just F!@#$ing works. This app will help you concentrate. Period.
Focus@Will,US,focusatwill-US-427,2013-05-31,5,effect: ADHD / neurodivergent|variety / catalog size,Why are you reading this GO INSTALL NOW!
Focus@Will,US,focusatwill-US-428,2013-05-24,5,integration (watch / home / desktop / shortcuts),Finally on iOS!
Focus@Will,DE,focusatwill-DE-006,2021-07-07,5,,The new app is fine
Focus@Will,DE,focusatwill-DE-007,2020-01-21,5,price / value for money,Bitte Updaten auf AppleWatch
Focus@Will,DE,focusatwill-DE-009,2019-09-05,5,effect: focus / productivity,It really works
Focus@Will,DE,focusatwill-DE-010,2019-07-23,4,variety / catalog size,"Musik wird abwechslungsreicher, App ok"
Focus@Will,DE,focusatwill-DE-017,2017-06-02,5,effect: focus / productivity|effect: anxiety / calm,Wenn ich will dann ... Fokus!
Focus@Will,DE,focusatwill-DE-019,2017-01-28,4,,Tut was sie soll ...
Focus@Will,DE,focusatwill-DE-023,2016-01-09,5,effect: focus / productivity,Uneingeschränkt empfehlenswert
Focus@Will,DE,focusatwill-DE-024,2016-01-07,5,,Es funktioniert wunderbar
Focus@Will,DE,focusatwill-DE-025,2015-12-08,5,effect: focus / productivity,I love this app so much!
Focus@Will,DE,focusatwill-DE-026,2015-05-09,5,effect: focus / productivity|offline / privacy / no account|design / UI / aesthetics|longevity / daily habit,Funktioniert bestens und hat mir deutlich mehr Produktivität gebracht
Focus@Will,DE,focusatwill-DE-030,2014-10-24,5,,Great!
Focus@Will,DE,focusatwill-DE-031,2013-12-24,5,effect: focus / productivity,Funktioniert wirklich
myNoise,US,mynoise-US-000,2026-08-28,5,control / customization,A gamechanger
myNoise,US,mynoise-US-002,2026-07-31,5,,This is the best app that I have on my phone
myNoise,US,mynoise-US-003,2026-07-22,5,,How this really went. creating soundscapes.
myNoise,US,mynoise-US-004,2026-07-12,5,,Solid
myNoise,US,mynoise-US-005,2026-07-09,5,effect: sleep|effect: tinnitus / noise masking,White Noise
myNoise,US,mynoise-US-006,2026-07-04,5,price / value for money|one-time purchase / no subscription,Absolutely best app ever
myNoise,US,mynoise-US-008,2026-07-01,5,effect: sleep|sound quality / character|variety / catalog size|longevity / daily habit,Fabulous
myNoise,US,mynoise-US-009,2026-06-21,5,,All time favorite
myNoise,US,mynoise-US-010,2026-06-21,5,,Absolutely worth your time
myNoise,US,mynoise-US-012,2026-06-05,5,,Best app
myNoise,US,mynoise-US-013,2026-06-02,5,variety / catalog size|control / customization,Incredible
myNoise,US,mynoise-US-014,2026-05-27,5,variety / catalog size|control / customization|one-time purchase / no subscription|longevity / daily habit,Most Used App
myNoise,US,mynoise-US-015,2026-05-17,5,effect: anxiety / calm,Excellent sounds
myNoise,US,mynoise-US-016,2026-05-14,5,,Americadoesntwantme
myNoise,US,mynoise-US-017,2026-05-13,5,,4 Stars
myNoise,US,mynoise-US-019,2026-05-01,5,effect: sleep|effect: tinnitus / noise masking|control / customization|science framing,This app helped me so much!!
myNoise,US,mynoise-US-020,2026-04-30,5,design / UI / aesthetics,Definitely better than the rest.
myNoise,US,mynoise-US-021,2026-04-28,5,,Best app ever
myNoise,US,mynoise-US-023,2026-04-14,5,price / value for money,Thank you Dr. Stéphane Pigeon!
myNoise,US,mynoise-US-024,2026-04-09,5,effect: anxiety / calm,Just perfect
myNoise,US,mynoise-US-025,2026-04-03,5,design / UI / aesthetics,This app is genuinely incredible.
myNoise,US,mynoise-US-026,2026-03-31,5,effect: sleep|control / customization|design / UI / aesthetics,GREAT UI
myNoise,US,mynoise-US-027,2026-03-30,5,,Best Noise App Out There
myNoise,US,mynoise-US-028,2026-03-14,5,effect: tinnitus / noise masking,Tinnitus Godsend!!!
myNoise,US,mynoise-US-030,2026-02-26,5,one-time purchase / no subscription,Wonderful app
myNoise,US,mynoise-US-031,2026-02-26,5,effect: sleep|sound quality / character,Better sleep
myNoise,US,mynoise-US-033,2026-02-24,5,effect: sleep|honesty / fair treatment / respects the user|design / UI / aesthetics,I don’t know what to say…
myNoise,US,mynoise-US-034,2026-02-21,5,control / customization|design / UI / aesthetics,No more Multigens?
myNoise,US,mynoise-US-035,2026-02-18,5,effect: sleep|effect: tinnitus / noise masking,Sleep Management
myNoise,US,mynoise-US-036,2026-01-27,5,price / value for money|design / UI / aesthetics,Best bar none. Completely underrated.
myNoise,US,mynoise-US-037,2026-01-21,5,effect: focus / productivity|effect: sleep|longevity / daily habit,"Great App, Used It For Years"
myNoise,US,mynoise-US-038,2026-01-21,5,effect: anxiety / calm,Update Glitch?
myNoise,US,mynoise-US-039,2026-01-11,5,effect: sleep|effect: anxiety / calm|effect: tinnitus / noise masking|variety / catalog size|control / customization|design / UI / aesthetics|integration (watch / home / desktop / shortcuts)|longevity / daily habit,A must get! Improvement on old app; no sound combining yet
myNoise,US,mynoise-US-040,2026-01-09,5,effect: sleep|effect: anxiety / calm|effect: tinnitus / noise masking|variety / catalog size|control / customization|design / UI / aesthetics|integration (watch / home / desktop / shortcuts)|longevity / daily habit,A must get! Improvement on old app; no sound combining yet
myNoise,US,mynoise-US-041,2026-01-07,5,effect: focus / productivity|effect: sleep|effect: anxiety / calm|control / customization|one-time purchase / no subscription|integration (watch / home / desktop / shortcuts),By far the best noise app ever!
myNoise,US,mynoise-US-043,2025-12-28,5,effect: sleep|sound quality / character|science framing,Simply Amazing
myNoise,US,mynoise-US-044,2025-12-28,5,effect: focus / productivity|control / customization|integration (watch / home / desktop / shortcuts)|longevity / daily habit,Zoning In
myNoise,US,mynoise-US-047,2025-11-27,4,effect: ADHD / neurodivergent,"As someone with autism, thank you."
myNoise,US,mynoise-US-050,2025-11-11,5,effect: sleep,Great for sleep noises
myNoise,US,mynoise-US-051,2025-11-10,5,,Really Special!
myNoise,US,mynoise-US-052,2025-11-09,5,effect: sleep|control / customization|price / value for money|longevity / daily habit,Been a fan for a long long time
myNoise,US,mynoise-US-054,2025-11-08,5,effect: focus / productivity|effect: sleep|effect: tinnitus / noise masking|control / customization|design / UI / aesthetics,LEB
myNoise,US,mynoise-US-055,2025-11-07,5,effect: sleep|price / value for money|design / UI / aesthetics,Best Noise Machine Ever
myNoise,US,mynoise-US-058,2025-11-03,5,effect: sleep|sound quality / character|control / customization|price / value for money|one-time purchase / no subscription|honesty / fair treatment / respects the user|design / UI / aesthetics,Excellent in every way
myNoise,US,mynoise-US-059,2025-11-01,5,effect: sleep,works great
myNoise,US,mynoise-US-062,2025-10-15,5,honesty / fair treatment / respects the user,What happened with my purchase?
myNoise,US,mynoise-US-063,2025-10-07,5,,Trouble in app
myNoise,US,mynoise-US-064,2025-10-05,5,control / customization,"Exceptional quality, amazing value"
myNoise,US,mynoise-US-065,2025-10-04,5,one-time purchase / no subscription,A real steal
myNoise,US,mynoise-US-066,2025-09-30,5,effect: tinnitus / noise masking|control / customization|honesty / fair treatment / respects the user,the only app that can mask my tinnitus — a literal lifesaver
myNoise,US,mynoise-US-067,2025-09-24,5,longevity / daily habit,Truly one of a kind
myNoise,US,mynoise-US-068,2025-09-23,5,effect: focus / productivity|effect: sleep|effect: anxiety / calm|control / customization,Love this app!
myNoise,US,mynoise-US-070,2025-08-11,4,design / UI / aesthetics,"Still Good, add back the combos"
myNoise,US,mynoise-US-071,2025-08-05,5,design / UI / aesthetics,This is How Apps Should Be
myNoise,US,mynoise-US-072,2025-07-27,5,effect: focus / productivity|adaptivity / personalization|longevity / daily habit,Can't Get Enough
myNoise,US,mynoise-US-074,2025-07-09,5,control / customization,only one flaw
myNoise,US,mynoise-US-076,2025-07-07,5,effect: sleep|effect: tinnitus / noise masking|one-time purchase / no subscription,So many uses for this great app
myNoise,US,mynoise-US-077,2025-07-01,5,,I cannot convey how meaningful this work is.
myNoise,US,mynoise-US-078,2025-06-25,4,effect: sleep|longevity / daily habit,Great
myNoise,US,mynoise-US-079,2025-06-24,5,effect: focus / productivity|effect: sleep|effect: anxiety / calm|control / customization,Invaluable for ADHDers!
myNoise,US,mynoise-US-080,2025-06-22,5,,Yes!
myNoise,US,mynoise-US-082,2025-06-13,5,effect: sleep|control / customization,"Loved the old version, new isn’t working"
myNoise,US,mynoise-US-084,2025-06-11,4,control / customization,"Great app, need some help!"
myNoise,US,mynoise-US-086,2025-06-08,5,effect: sleep|effect: anxiety / calm|variety / catalog size|control / customization|adaptivity / personalization|one-time purchase / no subscription|offline / privacy / no account,Passion Project - Support It Now
myNoise,US,mynoise-US-090,2025-05-31,5,variety / catalog size|control / customization,Amazing variety and huge collection!
myNoise,US,mynoise-US-093,2025-05-24,5,integration (watch / home / desktop / shortcuts)|longevity / daily habit,Please help!
myNoise,US,mynoise-US-094,2025-05-24,5,,I love this app!
myNoise,US,mynoise-US-095,2025-05-24,4,,App won’t open
myNoise,US,mynoise-US-097,2025-05-12,4,integration (watch / home / desktop / shortcuts),Hands down the best
myNoise,US,mynoise-US-098,2025-03-27,4,sound quality / character|variety / catalog size|control / customization|science framing,Something For Everyone
myNoise,US,mynoise-US-099,2025-03-22,5,effect: sleep|effect: anxiety / calm|effect: tinnitus / noise masking,best white noise app i’ve found
myNoise,US,mynoise-US-100,2025-03-12,5,effect: focus / productivity,So much breadth and depth
myNoise,US,mynoise-US-101,2025-03-04,5,,Love.
myNoise,US,mynoise-US-102,2025-02-26,5,effect: sleep|control / customization|honesty / fair treatment / respects the user|longevity / daily habit,only noise generator i’ve ever used
myNoise,US,mynoise-US-103,2025-02-11,5,effect: ADHD / neurodivergent|sound quality / character|design / UI / aesthetics,Amazing noise app
myNoise,US,mynoise-US-104,2025-02-03,5,,This is the best
myNoise,US,mynoise-US-105,2025-01-12,5,variety / catalog size,REALLY GOOD. better than brain.fm.
myNoise,US,mynoise-US-107,2025-01-06,5,effect: focus / productivity|effect: sleep|control / customization,This is the one!
myNoise,US,mynoise-US-108,2025-01-06,5,longevity / daily habit,The BEST
myNoise,US,mynoise-US-109,2025-01-05,5,honesty / fair treatment / respects the user,myNoise diehard
myNoise,US,mynoise-US-110,2025-01-02,5,effect: focus / productivity|effect: sleep|effect: anxiety / calm|control / customization|longevity / daily habit,Fantastic app
myNoise,US,mynoise-US-112,2024-12-23,5,,Simply the best
myNoise,US,mynoise-US-113,2024-12-06,5,effect: tinnitus / noise masking,Incredible soundscapes!
myNoise,US,mynoise-US-114,2024-11-21,5,,A treat for the ears
myNoise,US,mynoise-US-115,2024-11-20,4,longevity / daily habit,Best background sounds
myNoise,US,mynoise-US-117,2024-11-17,5,price / value for money,MyNoise is the GOAT!
myNoise,US,mynoise-US-118,2024-11-15,5,one-time purchase / no subscription,Best sounds around
myNoise,US,mynoise-US-119,2024-11-11,5,science framing,I miss the old ios version
myNoise,US,mynoise-US-120,2024-11-11,5,longevity / daily habit,Makes my life a little better
myNoise,US,mynoise-US-122,2024-11-08,5,effect: focus / productivity|variety / catalog size|honesty / fair treatment / respects the user,the Only Sound App I Can Focus With
myNoise,US,mynoise-US-123,2024-11-06,5,longevity / daily habit,Indispensable
myNoise,US,mynoise-US-124,2024-11-03,5,effect: sleep|effect: tinnitus / noise masking|one-time purchase / no subscription|longevity / daily habit,Diamond in the rough
myNoise,US,mynoise-US-126,2024-11-01,5,longevity / daily habit,Awesome app by an awesome team
myNoise,DE,mynoise-DE-000,2026-08-24,5,effect: anxiety / calm|sound quality / character,Great app to reduce noise
myNoise,DE,mynoise-DE-001,2026-08-07,5,effect: anxiety / calm,Traumhaft
myNoise,DE,mynoise-DE-002,2026-05-04,5,effect: focus / productivity,Brilliant app
myNoise,DE,mynoise-DE-004,2026-02-06,5,,The Best 🤩💫🫶
myNoise,DE,mynoise-DE-005,2026-02-02,4,effect: sleep|effect: anxiety / calm|control / customization|longevity / daily habit,Mixing soundscapes missing
myNoise,DE,mynoise-DE-006,2026-01-08,5,effect: anxiety / calm,Super Klänge und Klanglandschaften
myNoise,DE,mynoise-DE-007,2025-12-30,4,design / UI / aesthetics,Beste App dieser Art ♡
myNoise,DE,mynoise-DE-008,2025-11-25,5,effect: anxiety / calm,A quiet place at your fingertips
myNoise,DE,mynoise-DE-009,2025-10-07,5,effect: anxiety / calm|control / customization|price / value for money|one-time purchase / no subscription,Entspannung pur!
myNoise,DE,mynoise-DE-011,2025-09-18,4,effect: anxiety / calm|longevity / daily habit,Great App
myNoise,DE,mynoise-DE-013,2025-07-27,5,,my new kind of music
myNoise,DE,mynoise-DE-014,2025-04-18,5,effect: anxiety / calm|science framing,Danke an den Entwickler!
myNoise,DE,mynoise-DE-015,2025-02-05,4,sound quality / character,Incredible price for value
myNoise,DE,mynoise-DE-016,2024-12-01,5,design / UI / aesthetics,"Long time fan, great re-release!"
myNoise,DE,mynoise-DE-017,2024-11-24,5,effect: focus / productivity,best focus app ever
myNoise,DE,mynoise-DE-018,2024-11-09,5,control / customization,The best of the best
Noisli,US,noisli-US-000,2026-05-23,5,,Perfect!
Noisli,US,noisli-US-002,2025-10-16,5,effect: sleep|design / UI / aesthetics,Can’t sleep without! ⛈️
Noisli,US,noisli-US-003,2025-09-02,4,effect: sleep,Okay
Noisli,US,noisli-US-004,2025-06-24,5,longevity / daily habit,Love love love
Noisli,US,noisli-US-006,2025-03-11,5,,Love the simplicity
Noisli,US,noisli-US-007,2024-12-14,5,control / customization|design / UI / aesthetics|integration (watch / home / desktop / shortcuts),So simple and helpful!
Noisli,US,noisli-US-011,2024-04-10,5,,How to sign up for the pro membership?
Noisli,US,noisli-US-012,2024-04-01,5,effect: sleep|variety / catalog size|honesty / fair treatment / respects the user|design / UI / aesthetics,Wonderful
Noisli,US,noisli-US-014,2023-09-20,5,effect: sleep,BEST SLEEP/STUDY APP EVER!!
Noisli,US,noisli-US-016,2023-03-30,5,,Add “brown “ noise”. 🙏🏽
Noisli,US,noisli-US-017,2023-03-28,5,design / UI / aesthetics,No tricks. It’s just … peaceful.
Noisli,US,noisli-US-018,2022-04-22,4,,Great App But Want Ocean Sounds
Noisli,US,noisli-US-019,2022-01-24,4,effect: anxiety / calm,Calming rain
Noisli,US,noisli-US-020,2021-12-19,5,effect: tinnitus / noise masking,Great for not being aware of your neighbors
Noisli,US,noisli-US-024,2021-01-02,5,effect: sleep|longevity / daily habit,App crashes
Noisli,US,noisli-US-028,2020-08-04,5,effect: focus / productivity|longevity / daily habit,Excellent
Noisli,US,noisli-US-030,2020-06-22,5,effect: focus / productivity|effect: anxiety / calm,Great app! But I’m curious.
Noisli,US,noisli-US-031,2020-05-08,4,effect: focus / productivity|price / value for money|integration (watch / home / desktop / shortcuts),"Great for focus, no shortcut to play on secondary devices"
Noisli,US,noisli-US-034,2020-02-27,4,integration (watch / home / desktop / shortcuts),Amazing app yet this app needs app blocker
Noisli,US,noisli-US-036,2020-02-10,5,effect: sleep,"great, easy app"
Noisli,US,noisli-US-037,2020-02-08,5,sound quality / character,Surpassed my expectations
Noisli,US,noisli-US-039,2020-01-07,4,,Casting/Streaming
Noisli,US,noisli-US-040,2019-11-30,4,,Great app but...
Noisli,US,noisli-US-041,2019-11-11,4,,"Pretty good, not great"
Noisli,US,noisli-US-042,2019-11-10,4,effect: anxiety / calm|longevity / daily habit,Almost perfect
Noisli,US,noisli-US-043,2019-10-27,5,longevity / daily habit,Hands down the best
Noisli,US,noisli-US-045,2019-09-08,5,,Great app! But slightly outdated
Noisli,US,noisli-US-049,2019-06-03,4,,A suggestion
Noisli,US,noisli-US-051,2019-05-10,5,effect: sleep|effect: tinnitus / noise masking|price / value for money,Love It!
Noisli,US,noisli-US-052,2019-04-21,5,effect: sleep|sound quality / character,Best Sleep App I’ve Used!
Noisli,US,noisli-US-054,2019-04-05,5,variety / catalog size|control / customization,Please keep going
Noisli,US,noisli-US-055,2019-03-28,5,effect: tinnitus / noise masking|price / value for money,Tinnitus life saver!
Noisli,US,noisli-US-058,2019-02-10,4,,Needs music support
Noisli,US,noisli-US-059,2019-01-26,4,integration (watch / home / desktop / shortcuts),"Great, just a couple nitpicks"
Noisli,US,noisli-US-061,2019-01-16,4,sound quality / character|design / UI / aesthetics,Almost there
Noisli,US,noisli-US-063,2019-01-14,4,,Pretty good but this is worth noting...
Noisli,US,noisli-US-064,2019-01-09,4,,Love it but would love Sonos support!
Noisli,US,noisli-US-065,2019-01-01,5,,More sounds please
Noisli,US,noisli-US-066,2018-12-22,4,effect: sleep|sound quality / character,"Works great, except..."
Noisli,US,noisli-US-068,2018-12-13,5,effect: sleep,Love this app!
Noisli,US,noisli-US-070,2018-11-28,5,effect: tinnitus / noise masking,I wouldn’t have graduated without this
Noisli,US,noisli-US-071,2018-10-26,5,effect: sleep|price / value for money,I love it!!
Noisli,US,noisli-US-072,2018-10-14,4,integration (watch / home / desktop / shortcuts),Airplay
Noisli,US,noisli-US-074,2018-09-04,4,,Needs to be louder
Noisli,US,noisli-US-079,2018-01-15,4,,Almost
Noisli,US,noisli-US-080,2018-01-13,5,design / UI / aesthetics,What I needed
Noisli,US,noisli-US-082,2018-01-04,5,design / UI / aesthetics,Simple and delightful
Noisli,US,noisli-US-083,2017-11-28,4,,Unable to use with Spotify
Noisli,US,noisli-US-084,2017-11-27,4,control / customization,Timer Issues
Noisli,US,noisli-US-085,2017-11-07,5,effect: sleep,Use it all the time
Noisli,US,noisli-US-086,2017-10-11,4,,Good but not perfect
Noisli,US,noisli-US-087,2017-10-09,4,effect: sleep|effect: anxiety / calm,Creative Solution!
Noisli,US,noisli-US-090,2017-09-14,5,,It's good
Noisli,US,noisli-US-091,2017-09-09,4,,Needs External Audio Compatibility
Noisli,US,noisli-US-092,2017-08-02,5,control / customization,Timer modification
Noisli,US,noisli-US-095,2017-04-20,5,effect: sleep|control / customization|longevity / daily habit,Excellent ! Needs more sound packs
Noisli,US,noisli-US-097,2017-04-16,5,effect: focus / productivity|effect: tinnitus / noise masking|control / customization,Great for work!!!
Noisli,US,noisli-US-100,2017-02-28,5,control / customization|design / UI / aesthetics,Intelligently designed app
Noisli,US,noisli-US-101,2017-02-16,5,,Simple
Noisli,US,noisli-US-102,2017-02-15,5,effect: sleep,Noisli is the best
Noisli,US,noisli-US-103,2017-02-12,5,effect: focus / productivity|price / value for money,Great for Deep Work
Noisli,US,noisli-US-104,2017-01-30,5,effect: sleep,Love this app!
Noisli,US,noisli-US-105,2016-11-15,5,,Does exactly what it says it will do
Noisli,US,noisli-US-107,2016-10-04,5,effect: sleep|effect: anxiety / calm|effect: tinnitus / noise masking|longevity / daily habit,"I never write reviews, but..."
Noisli,US,noisli-US-110,2016-09-10,5,control / customization,Very useful
Noisli,US,noisli-US-111,2016-09-02,5,effect: sleep,Migraine Helper
Noisli,US,noisli-US-113,2016-08-28,4,effect: focus / productivity|design / UI / aesthetics,Great noise filter for work
Noisli,US,noisli-US-114,2016-08-12,5,effect: sleep|control / customization,Helps me fall asleep
Noisli,US,noisli-US-116,2016-08-07,5,effect: sleep|control / customization|design / UI / aesthetics,Best sound app
Noisli,US,noisli-US-117,2016-07-24,5,effect: anxiety / calm,Makes for a relaxing work environment
Noisli,US,noisli-US-119,2016-07-17,5,effect: sleep|effect: tinnitus / noise masking|offline / privacy / no account|longevity / daily habit,Love!
Noisli,US,noisli-US-120,2016-07-14,5,effect: sleep|effect: anxiety / calm,Very relaxing
Noisli,US,noisli-US-121,2016-07-14,4,longevity / daily habit,iPhone 6 screen support would be nice
Noisli,US,noisli-US-123,2016-05-14,5,effect: tinnitus / noise masking|longevity / daily habit,Misophonia Must-Have!
Noisli,US,noisli-US-124,2016-05-04,4,effect: focus / productivity|effect: anxiety / calm,Almost as good as the web version
Noisli,US,noisli-US-126,2016-04-17,4,effect: focus / productivity|effect: anxiety / calm,Almost Perfect
Noisli,US,noisli-US-127,2016-04-09,4,,i love it
Noisli,US,noisli-US-128,2016-03-15,4,effect: focus / productivity|control / customization,Great sounds.
Noisli,US,noisli-US-131,2016-02-12,5,,Works great! Even has a timer.
Noisli,US,noisli-US-132,2016-02-03,4,,"Great app, could use a few more sounds"
Noisli,US,noisli-US-133,2016-01-10,5,effect: sleep|effect: anxiety / calm,Baby Tested and Approved
Noisli,US,noisli-US-134,2016-01-06,5,effect: focus / productivity,Great for productivity
Noisli,US,noisli-US-135,2015-12-13,5,effect: sleep|sound quality / character,Just the thing
Noisli,US,noisli-US-136,2015-11-30,5,effect: focus / productivity,Must-have!
Noisli,US,noisli-US-139,2015-10-18,5,,Perfect
Noisli,US,noisli-US-141,2015-10-15,5,effect: sleep|longevity / daily habit,My favorite napping app
Noisli,US,noisli-US-142,2015-10-07,5,longevity / daily habit,Wonderful App
Noisli,US,noisli-US-143,2015-09-07,5,effect: sleep|effect: anxiety / calm|honesty / fair treatment / respects the user,So awesome
Noisli,US,noisli-US-147,2015-08-25,5,sound quality / character,Great App
Noisli,US,noisli-US-149,2015-08-15,5,control / customization,J.u.S.T. G.e.T.  I.T.!
Noisli,US,noisli-US-150,2015-08-07,5,effect: sleep,Great app!
Noisli,US,noisli-US-151,2015-07-28,5,effect: sleep|control / customization,Excellent app
Noisli,US,noisli-US-155,2015-05-21,5,effect: focus / productivity|effect: anxiety / calm|design / UI / aesthetics,Calming and simple
Noisli,US,noisli-US-156,2015-05-05,5,effect: sleep,I love this app
Noisli,US,noisli-US-157,2015-04-26,4,control / customization,"Great, but..."
Noisli,US,noisli-US-158,2015-04-16,5,,Great app
Noisli,US,noisli-US-159,2015-04-16,5,longevity / daily habit,Wonderful!
Noisli,US,noisli-US-160,2015-04-12,5,effect: anxiety / calm,Sounds are good
Noisli,US,noisli-US-161,2015-04-10,4,,Albat Perfect
Noisli,US,noisli-US-162,2015-04-07,4,design / UI / aesthetics,Almost perfect
Noisli,US,noisli-US-163,2015-04-06,5,control / customization|design / UI / aesthetics,Brilliant.
Noisli,US,noisli-US-164,2015-03-31,4,effect: anxiety / calm,Awesome!!
Noisli,US,noisli-US-165,2015-03-29,5,control / customization,Best App!
Noisli,US,noisli-US-166,2015-03-25,4,effect: sleep|control / customization,Great Background Generator
Noisli,US,noisli-US-167,2015-03-23,5,design / UI / aesthetics|longevity / daily habit,Awesome App
Noisli,US,noisli-US-168,2015-03-22,5,effect: sleep|design / UI / aesthetics,Love it!
Noisli,US,noisli-US-169,2015-03-15,4,control / customization|design / UI / aesthetics,Pretty good
Noisli,US,noisli-US-171,2015-03-13,5,effect: sleep,Great App for shift workers
Noisli,US,noisli-US-172,2015-03-10,5,effect: sleep|control / customization,Love it!
Noisli,US,noisli-US-173,2015-03-09,4,design / UI / aesthetics,Love
Noisli,US,noisli-US-174,2015-03-08,5,effect: sleep|effect: anxiety / calm|design / UI / aesthetics,Better than the others
Noisli,US,noisli-US-176,2015-03-06,4,effect: sleep|design / UI / aesthetics|longevity / daily habit,Gets the job done!
Noisli,US,noisli-US-178,2015-03-02,5,control / customization|design / UI / aesthetics,Beautiful Fun
Noisli,US,noisli-US-179,2015-02-25,5,effect: anxiety / calm,...aaaaahhhhhh...
Noisli,US,noisli-US-180,2015-02-24,5,effect: sleep|effect: tinnitus / noise masking|control / customization,Awesome
Noisli,US,noisli-US-185,2015-02-20,5,effect: focus / productivity|effect: anxiety / calm|sound quality / character|control / customization,Great for relaxation
Noisli,US,noisli-US-186,2015-02-20,5,effect: focus / productivity|control / customization,Helps me focus
Noisli,US,noisli-US-188,2015-02-19,5,effect: sleep,Great App!
Noisli,US,noisli-US-189,2015-02-19,4,design / UI / aesthetics,"Great, but needs OCEAN"
Noisli,US,noisli-US-190,2015-02-19,4,,"Great, but..."
Noisli,US,noisli-US-191,2015-02-19,4,longevity / daily habit,Solid
Noisli,US,noisli-US-192,2015-02-18,4,,😊
Noisli,US,noisli-US-193,2015-02-18,5,design / UI / aesthetics,Perfect!
Noisli,US,noisli-US-194,2015-02-18,5,,Perfection
Noisli,US,noisli-US-195,2015-02-18,5,variety / catalog size|design / UI / aesthetics,Very Nice
Noisli,US,noisli-US-197,2015-02-17,5,control / customization,Great app!
Noisli,US,noisli-US-198,2015-02-17,5,,Great app
Noisli,US,noisli-US-199,2015-02-16,5,effect: sleep|effect: anxiety / calm|price / value for money,Truly love it
Noisli,US,noisli-US-201,2015-02-16,4,effect: anxiety / calm,Nearly perfect ambience
Noisli,US,noisli-US-202,2015-02-16,5,,Wonderful
Noisli,US,noisli-US-203,2015-02-16,4,design / UI / aesthetics,Missing one thing
Noisli,US,noisli-US-205,2015-02-14,5,effect: anxiety / calm,Omg
Noisli,US,noisli-US-206,2015-02-14,5,,Awesome!
Noisli,US,noisli-US-207,2015-02-14,5,design / UI / aesthetics,Amazing Quality
Noisli,US,noisli-US-208,2015-02-13,5,effect: focus / productivity|effect: sleep|effect: anxiety / calm|design / UI / aesthetics,Great App it is well made and so calming!
Noisli,US,noisli-US-209,2015-02-13,5,effect: sleep|design / UI / aesthetics,Simplistic and Elegant
Noisli,US,noisli-US-210,2015-02-12,5,sound quality / character,Mixable High Quality sounds
Noisli,US,noisli-US-211,2015-02-11,5,,Awsome But...
Noisli,US,noisli-US-212,2015-02-11,4,,Let me use my account from the web player pleeeeease.
Noisli,US,noisli-US-213,2015-02-11,5,effect: tinnitus / noise masking,Love it
Noisli,US,noisli-US-214,2015-02-10,5,,Wowza
Noisli,US,noisli-US-217,2014-12-16,4,effect: anxiety / calm|honesty / fair treatment / respects the user,perfect! but..
Noisli,US,noisli-US-218,2014-12-07,4,control / customization,Review
Noisli,US,noisli-US-219,2014-12-04,5,effect: sleep|effect: anxiety / calm,What great sleep tones!
Noisli,US,noisli-US-220,2014-11-06,5,effect: anxiety / calm|integration (watch / home / desktop / shortcuts),Thanks for the App
Noisli,US,noisli-US-224,2014-09-17,4,adaptivity / personalization,Adapted well to mobile
Noisli,US,noisli-US-226,2014-08-28,5,design / UI / aesthetics|integration (watch / home / desktop / shortcuts),Everything I could hope for
Noisli,US,noisli-US-227,2014-08-25,5,effect: anxiety / calm|design / UI / aesthetics,Beautiful
Noisli,US,noisli-US-228,2014-08-17,5,effect: sleep|control / customization,Lifesaver for Parents!
Noisli,US,noisli-US-229,2014-07-19,5,effect: tinnitus / noise masking,Love this app!!!
Noisli,US,noisli-US-230,2014-06-20,5,control / customization,Great app!  The best for white noise
Noisli,US,noisli-US-231,2014-06-17,5,integration (watch / home / desktop / shortcuts),Great idea
Noisli,US,noisli-US-232,2014-06-17,5,effect: focus / productivity|integration (watch / home / desktop / shortcuts),Brilliant app
Noisli,US,noisli-US-233,2014-06-12,5,effect: sleep|effect: anxiety / calm|design / UI / aesthetics,Absolutely amazing
Noisli,US,noisli-US-234,2014-06-10,5,effect: anxiety / calm|control / customization|design / UI / aesthetics,Favorite relaxation/noise blocker
Noisli,US,noisli-US-235,2014-06-04,5,effect: sleep|effect: tinnitus / noise masking,"Loved it on web, great to have it on iPhone!"
Noisli,US,noisli-US-236,2014-05-23,5,effect: focus / productivity|effect: anxiety / calm|design / UI / aesthetics,I LOVE this app
Noisli,US,noisli-US-237,2014-05-23,5,effect: tinnitus / noise masking|control / customization,Thank you
Noisli,US,noisli-US-238,2014-05-22,4,effect: anxiety / calm|control / customization|integration (watch / home / desktop / shortcuts),Love the app -- please add AirPlay
Noisli,US,noisli-US-239,2014-05-18,5,,7.0+ Support
Noisli,US,noisli-US-240,2014-05-18,5,effect: anxiety / calm|offline / privacy / no account,what everyone needs!
Noisli,US,noisli-US-241,2014-05-17,5,effect: sleep,Awesome app
Noisli,US,noisli-US-242,2014-05-15,5,,Not responsive to swipe gesture
Noisli,US,noisli-US-243,2014-05-15,5,effect: anxiety / calm|design / UI / aesthetics,Love it!
Noisli,US,noisli-US-244,2014-05-11,5,,Well done
Noisli,US,noisli-US-245,2014-05-11,5,design / UI / aesthetics,Simple & beautiful
Noisli,US,noisli-US-246,2014-05-10,4,,iOS 7.1 and Later ONLY
Noisli,US,noisli-US-247,2014-05-09,4,design / UI / aesthetics,Beautiful
Noisli,US,noisli-US-248,2014-05-09,5,effect: anxiety / calm,Calmed
Noisli,US,noisli-US-249,2014-05-09,5,,"It's finals week, and this app is a life saver."
Noisli,US,noisli-US-250,2014-05-08,5,,Finally
Noisli,US,noisli-US-251,2014-05-08,5,,Love it
Noisli,US,noisli-US-252,2014-05-08,5,longevity / daily habit,I'm obsessed
Noisli,DE,noisli-DE-002,2024-06-23,5,price / value for money|longevity / daily habit,Tolle Geräusche
Noisli,DE,noisli-DE-008,2020-03-18,5,effect: anxiety / calm|effect: tinnitus / noise masking,Great for relaxing and for isolating yourself in a noisy office
Noisli,DE,noisli-DE-009,2019-10-05,4,design / UI / aesthetics,"Great App, sadly not updated"
Noisli,DE,noisli-DE-010,2019-08-28,4,effect: anxiety / calm|integration (watch / home / desktop / shortcuts),Almost perfect
Noisli,DE,noisli-DE-013,2019-01-22,4,effect: sleep,Great helper for falling asleep easier.
Noisli,DE,noisli-DE-015,2017-10-23,5,,Love it
Noisli,DE,noisli-DE-016,2017-05-20,5,effect: anxiety / calm,Slava
Noisli,DE,noisli-DE-017,2016-11-16,4,effect: anxiety / calm|design / UI / aesthetics,Wer lesen kann
Noisli,DE,noisli-DE-018,2016-09-27,5,,Speicherfresser
Noisli,DE,noisli-DE-020,2016-07-25,5,effect: focus / productivity,Tolle app
Noisli,DE,noisli-DE-021,2016-07-15,5,,Supergut!
Noisli,DE,noisli-DE-022,2016-06-02,4,sound quality / character|variety / catalog size|control / customization,"High Quality Sounds, App could be improved"
Noisli,DE,noisli-DE-023,2016-05-11,5,,Sehr genial!
Noisli,DE,noisli-DE-025,2016-02-15,4,,schuppeck
Noisli,DE,noisli-DE-026,2016-02-15,5,design / UI / aesthetics,minimalistisch
Noisli,DE,noisli-DE-027,2016-02-04,4,,Noch Luft nach oben
Noisli,DE,noisli-DE-035,2015-02-27,4,,Nice Idea
Noisli,DE,noisli-DE-037,2015-01-20,5,,Sehr angenehm.
Noisli,DE,noisli-DE-038,2014-08-29,5,,Sehr gut!
Noisli,DE,noisli-DE-039,2014-08-24,4,offline / privacy / no account,Fast perfekt
Noisli,DE,noisli-DE-041,2014-05-19,5,effect: sleep,Hervorragende App!!
Noisli,DE,noisli-DE-042,2014-05-19,5,effect: anxiety / calm,Super support
Noisli,DE,noisli-DE-044,2014-05-16,5,effect: anxiety / calm|control / customization,Super
Noisli,DE,noisli-DE-045,2014-05-16,5,effect: sleep|effect: anxiety / calm,Ich schlafe mit Regen ein
Noisli,DE,noisli-DE-046,2014-05-14,5,,Einfach nur super!
Noisli,DE,noisli-DE-047,2014-05-14,5,,großartig!
Noisli,DE,noisli-DE-048,2014-05-13,5,design / UI / aesthetics,Super!
Noisli,DE,noisli-DE-049,2014-05-13,4,effect: anxiety / calm|offline / privacy / no account|design / UI / aesthetics,"Gut, aber verbesserungswürdig"
Noisli,DE,noisli-DE-051,2014-05-12,5,design / UI / aesthetics,Perfect!
Noisli,DE,noisli-DE-052,2014-05-12,5,,Noisili
Noisli,DE,noisli-DE-053,2014-05-11,5,effect: sleep,Klasse!
Portal,US,portal-US-000,2026-08-23,5,effect: anxiety / calm|one-time purchase / no subscription|design / UI / aesthetics|longevity / daily habit,我最喜欢的软件
Portal,US,portal-US-001,2026-08-14,5,effect: focus / productivity|effect: sleep|effect: anxiety / calm|adaptivity / personalization,"When your workspace lacks windows, and your soul is starved for birdso"
Portal,US,portal-US-002,2026-08-07,5,effect: focus / productivity|effect: anxiety / calm|design / UI / aesthetics,This is a amazing app that has made focusing so much easier for me
Portal,US,portal-US-003,2026-07-27,5,effect: focus / productivity|effect: sleep|variety / catalog size|price / value for money|one-time purchase / no subscription|longevity / daily habit,Love it!!
Portal,US,portal-US-004,2026-07-27,5,effect: focus / productivity|one-time purchase / no subscription,An app that wants to go at your pace
Portal,US,portal-US-005,2026-07-25,5,effect: focus / productivity|effect: sleep|effect: anxiety / calm|sound quality / character|one-time purchase / no subscription|design / UI / aesthetics,So pumped!!
Portal,US,portal-US-006,2026-07-23,5,effect: anxiety / calm,Obsessed!!
Portal,US,portal-US-007,2026-07-22,5,,Good
Portal,US,portal-US-008,2026-07-17,5,effect: focus / productivity|effect: sleep,Fantastic for the workday and home life
Portal,US,portal-US-009,2026-07-14,5,price / value for money|one-time purchase / no subscription|honesty / fair treatment / respects the user,$99 For Lifetime is a great value
Portal,US,portal-US-010,2026-07-06,5,,Awesome App No real complaints
Portal,US,portal-US-011,2026-07-04,5,control / customization|honesty / fair treatment / respects the user,Amazing!!
Portal,US,portal-US-012,2026-07-03,5,effect: focus / productivity|one-time purchase / no subscription|design / UI / aesthetics,"I purchased the lifetime version after using it for just 30 minutes, a"
Portal,US,portal-US-013,2026-07-01,5,variety / catalog size|one-time purchase / no subscription|honesty / fair treatment / respects the user,Thank you to the Team
Portal,US,portal-US-014,2026-06-26,5,effect: anxiety / calm|design / UI / aesthetics|integration (watch / home / desktop / shortcuts),A Beautiful Experience with Huge Potential
Portal,US,portal-US-015,2026-06-23,5,effect: anxiety / calm|control / customization|one-time purchase / no subscription|design / UI / aesthetics|integration (watch / home / desktop / shortcuts),Simply a Great App!
Portal,US,portal-US-016,2026-06-21,4,effect: sleep|sound quality / character|variety / catalog size|control / customization|one-time purchase / no subscription|honesty / fair treatment / respects the user|design / UI / aesthetics|longevity / daily habit,Glad The Devs Woke Up
Portal,US,portal-US-017,2026-06-15,4,one-time purchase / no subscription,Good
Portal,US,portal-US-018,2026-06-10,5,,Amazing
Portal,US,portal-US-019,2026-06-10,5,,Perfect.
Portal,US,portal-US-020,2026-06-09,5,effect: anxiety / calm,Soothing
Portal,US,portal-US-021,2026-06-09,5,price / value for money|design / UI / aesthetics,THEY ARE NOT…
Portal,US,portal-US-022,2026-06-07,5,effect: anxiety / calm|one-time purchase / no subscription|longevity / daily habit,Clean sound
Portal,US,portal-US-023,2026-06-06,5,sound quality / character|one-time purchase / no subscription,So much effort was put into this to be perfect…
Portal,US,portal-US-024,2026-06-02,5,sound quality / character,Awesome App & Great Support
Portal,US,portal-US-025,2026-06-01,5,,Thanks for lowering prices
Portal,US,portal-US-028,2026-05-18,5,effect: sleep|effect: anxiety / calm,Very helpful
Portal,US,portal-US-029,2026-05-17,4,,Free
Portal,US,portal-US-030,2026-05-05,5,effect: sleep,Love this app - user since the early days
Portal,US,portal-US-031,2026-05-04,5,integration (watch / home / desktop / shortcuts),Absolutely Terrific!!
Portal,US,portal-US-032,2026-04-27,5,effect: anxiety / calm|design / UI / aesthetics,Insane
Portal,US,portal-US-033,2026-04-18,4,sound quality / character|control / customization,Great App
Portal,US,portal-US-034,2026-04-16,5,integration (watch / home / desktop / shortcuts)|longevity / daily habit,Perfect Study App…
Portal,US,portal-US-035,2026-04-02,5,effect: sleep|effect: anxiety / calm|sound quality / character|price / value for money,Amazing Sounds and Parenting Hack!
Portal,US,portal-US-036,2026-03-31,5,,Love It!
Portal,US,portal-US-038,2026-03-23,5,effect: focus / productivity|effect: anxiety / calm|sound quality / character|variety / catalog size|price / value for money|design / UI / aesthetics,MUST HAVE! Your window to nature and relaxation. Nothing else like it.
Portal,US,portal-US-039,2026-03-17,5,effect: sleep|effect: anxiety / calm|sound quality / character|price / value for money|design / UI / aesthetics,Beautiful app
Portal,US,portal-US-041,2026-02-26,5,effect: focus / productivity|effect: tinnitus / noise masking,AMAZING!!
Portal,US,portal-US-042,2026-02-25,5,,Best app I’ve ever downloaded.
Portal,US,portal-US-044,2026-02-19,5,effect: anxiety / calm|design / UI / aesthetics,Beautiful and lovely I just love it
Portal,US,portal-US-047,2026-02-12,5,,Portal Gandhi
Portal,US,portal-US-049,2026-01-31,5,sound quality / character,Love it on Mac
Portal,US,portal-US-050,2026-01-19,5,effect: focus / productivity|effect: anxiety / calm,Ahhhhmaaazing
Portal,US,portal-US-052,2026-01-10,5,effect: sleep|effect: anxiety / calm|sound quality / character|design / UI / aesthetics|integration (watch / home / desktop / shortcuts),Love it!
Portal,US,portal-US-053,2026-01-05,5,effect: sleep,Sleep💪
Portal,US,portal-US-054,2026-01-01,5,effect: focus / productivity|longevity / daily habit,Amazing!
Portal,US,portal-US-055,2026-01-01,5,effect: focus / productivity,Nothing like it
Portal,US,portal-US-056,2025-12-31,5,effect: focus / productivity|sound quality / character|variety / catalog size|honesty / fair treatment / respects the user|design / UI / aesthetics|integration (watch / home / desktop / shortcuts)|longevity / daily habit,My go-to when struggling to focus
Portal,US,portal-US-057,2025-12-12,5,effect: focus / productivity|variety / catalog size,Helps me focus
Portal,US,portal-US-058,2025-12-11,5,effect: sleep|effect: anxiety / calm,Absolutely my favorite app for relaxing/escape
Portal,US,portal-US-060,2025-12-05,5,design / UI / aesthetics|integration (watch / home / desktop / shortcuts),Gorgeous and Super Useful
Portal,US,portal-US-061,2025-12-05,5,price / value for money|design / UI / aesthetics,Worth the $$$
Portal,US,portal-US-062,2025-12-04,5,effect: focus / productivity|adaptivity / personalization|design / UI / aesthetics|integration (watch / home / desktop / shortcuts)|longevity / daily habit,Key part of my daily work ritual
Portal,US,portal-US-063,2025-11-28,5,effect: focus / productivity|one-time purchase / no subscription,"Excellent app, highly recommend"
Portal,US,portal-US-065,2025-11-18,5,effect: anxiety / calm,Great product. Use with Philips Hue lights.
Portal,US,portal-US-068,2025-11-01,5,effect: ADHD / neurodivergent|effect: anxiety / calm|longevity / daily habit,Essential for My ADHD Daily Flow
Portal,US,portal-US-069,2025-10-27,5,effect: ADHD / neurodivergent|effect: anxiety / calm|design / UI / aesthetics|integration (watch / home / desktop / shortcuts),Simply Incredible
Portal,US,portal-US-071,2025-10-18,5,effect: focus / productivity|effect: sleep,"Great app, filled with creativity, and a team with love"
Portal,US,portal-US-072,2025-10-15,5,honesty / fair treatment / respects the user|design / UI / aesthetics,"Beautiful, high quality recordings"
Portal,US,portal-US-073,2025-10-13,5,longevity / daily habit,Couldn’t be happier!
Portal,US,portal-US-074,2025-10-10,5,,My Thoughts - GREAT
Portal,US,portal-US-075,2025-10-06,5,effect: focus / productivity|effect: sleep|effect: anxiety / calm,Best app ever
Portal,US,portal-US-076,2025-10-03,4,,Solid utility and very useful if not a bit overpriced
Portal,US,portal-US-077,2025-10-02,5,effect: focus / productivity|design / UI / aesthetics,My favorite app for staying focused
Portal,US,portal-US-079,2025-09-25,5,design / UI / aesthetics,The Best There Is
Portal,US,portal-US-080,2025-09-19,4,effect: sleep|design / UI / aesthetics|longevity / daily habit,Top Notch w/ OK UI
Portal,US,portal-US-081,2025-09-18,5,effect: anxiety / calm|design / UI / aesthetics,“Around our Globe “
Portal,US,portal-US-083,2025-09-16,5,effect: sleep,Sleep
Portal,US,portal-US-085,2025-09-09,5,effect: anxiety / calm|adaptivity / personalization,Really REALLY enjoy
Portal,US,portal-US-086,2025-09-05,5,,有助睡眠
Portal,US,portal-US-087,2025-09-03,5,,We need the Chinese version!!!
Portal,US,portal-US-088,2025-09-03,5,,Great app and fantastic customer support team
Portal,US,portal-US-089,2025-09-02,5,effect: focus / productivity|sound quality / character|design / UI / aesthetics,Great Product and Amazing Support Team
Portal,US,portal-US-090,2025-08-26,4,,Love it! Maybe a space for the free stuff?
Portal,US,portal-US-091,2025-08-25,5,effect: focus / productivity|effect: sleep|effect: anxiety / calm|sound quality / character|adaptivity / personalization|honesty / fair treatment / respects the user|design / UI / aesthetics|longevity / daily habit,A Breath of Color in a Black-and-White World
Portal,US,portal-US-093,2025-08-24,5,effect: sleep|integration (watch / home / desktop / shortcuts),What an incredible surprise!
Portal,US,portal-US-094,2025-08-23,4,honesty / fair treatment / respects the user,Fast Dev Response
Portal,US,portal-US-095,2025-08-20,5,effect: focus / productivity|design / UI / aesthetics,Lovely Background Visuals and Sound
Portal,US,portal-US-096,2025-08-20,5,,Great tool
Portal,US,portal-US-098,2025-08-14,5,,Portal
Portal,US,portal-US-099,2025-08-13,5,effect: sleep|design / UI / aesthetics,Needs a Blizzard Portal!
Portal,US,portal-US-100,2025-08-12,5,effect: anxiety / calm,What da fart
Portal,US,portal-US-101,2025-08-10,5,effect: sleep|effect: anxiety / calm,Fantastic app
Portal,US,portal-US-102,2025-08-09,5,,You know who you are
Portal,US,portal-US-103,2025-08-09,5,adaptivity / personalization|price / value for money,Spectacular program and customer support
Portal,US,portal-US-104,2025-08-08,5,honesty / fair treatment / respects the user,BEST IMMERSIVE EXPERIENCE
Portal,US,portal-US-105,2025-08-08,5,design / UI / aesthetics,Perfect
Portal,US,portal-US-106,2025-07-30,5,honesty / fair treatment / respects the user,Not the video game
Portal,US,portal-US-107,2025-07-28,5,sound quality / character|design / UI / aesthetics,Absolutely mesmerizing to the eyes sand ears!
Portal,US,portal-US-108,2025-07-18,5,sound quality / character|design / UI / aesthetics|longevity / daily habit,Beautiful sounds
Portal,US,portal-US-109,2025-07-15,5,,Create a peaceful work environment
Portal,US,portal-US-111,2025-07-07,5,,Love it
Portal,US,portal-US-112,2025-06-23,5,effect: sleep|effect: anxiety / calm|one-time purchase / no subscription|design / UI / aesthetics|integration (watch / home / desktop / shortcuts)|longevity / daily habit,"One of my favorite apps, I use this everyday! 😌"
Portal,US,portal-US-113,2025-06-15,5,,Incredible!
Portal,US,portal-US-114,2025-06-15,5,effect: focus / productivity|effect: anxiety / calm|integration (watch / home / desktop / shortcuts),Amazing on an OLED 45’ curved monitor
Portal,US,portal-US-115,2025-06-14,5,effect: sleep|effect: anxiety / calm,Great
Portal,US,portal-US-117,2025-06-13,5,effect: focus / productivity,Portal is amazing
Portal,US,portal-US-118,2025-06-09,5,design / UI / aesthetics|longevity / daily habit,Absolute must have app!
Portal,US,portal-US-119,2025-06-04,5,,非常好
Portal,US,portal-US-122,2025-05-20,5,design / UI / aesthetics,A piece of art!!!
Portal,US,portal-US-123,2025-05-12,5,effect: focus / productivity|effect: anxiety / calm|design / UI / aesthetics|longevity / daily habit,I love this app
Portal,US,portal-US-124,2025-05-08,4,effect: focus / productivity|effect: sleep,Wish I could buy soundscapes
Portal,US,portal-US-125,2025-04-29,5,integration (watch / home / desktop / shortcuts),"Great app, heavy background battery drain"
Portal,US,portal-US-126,2025-04-26,5,effect: focus / productivity|integration (watch / home / desktop / shortcuts),Utterly amazing
Portal,US,portal-US-127,2025-04-16,5,integration (watch / home / desktop / shortcuts),Love the App - Needs Apple TV version
Portal,US,portal-US-129,2025-04-09,5,,Support is Amazing!!!
Portal,US,portal-US-130,2025-04-08,4,integration (watch / home / desktop / shortcuts),Needs Apple TV app
Portal,US,portal-US-131,2025-04-03,5,,Mike F.
Portal,US,portal-US-132,2025-03-28,5,effect: sleep|effect: anxiety / calm,Sleep
Portal,US,portal-US-134,2025-03-25,5,effect: ADHD / neurodivergent|design / UI / aesthetics,A must have Inspirational App
Portal,US,portal-US-135,2025-03-13,5,effect: focus / productivity|effect: sleep|design / UI / aesthetics|longevity / daily habit,Favorite Ambience App
Portal,US,portal-US-136,2025-03-12,5,variety / catalog size|design / UI / aesthetics,Amazing UX design
Portal,US,portal-US-137,2025-03-11,5,effect: anxiety / calm,Truly Wonderful!
Portal,US,portal-US-138,2025-03-10,5,,GREAT!
Portal,US,portal-US-139,2025-03-10,5,effect: anxiety / calm|design / UI / aesthetics,Incredible Immersive Experience
Portal,US,portal-US-140,2025-03-05,5,,Portal is the classiest most thoughtful escape available on the Mac ec
Portal,US,portal-US-141,2025-03-05,5,effect: anxiety / calm|design / UI / aesthetics|integration (watch / home / desktop / shortcuts),"With Portal on Mac, MacBook, iPhone and iPad I can always escape and r"
Portal,US,portal-US-142,2025-02-28,5,effect: anxiety / calm|design / UI / aesthetics,Nailed it
Portal,US,portal-US-143,2025-02-26,5,honesty / fair treatment / respects the user,One of my all-time favorite apps
Portal,US,portal-US-145,2025-02-21,5,effect: focus / productivity,Love this App
Portal,US,portal-US-146,2025-02-21,5,design / UI / aesthetics|longevity / daily habit,Simply phenomenal
Portal,US,portal-US-147,2025-02-20,5,effect: sleep|effect: anxiety / calm|offline / privacy / no account|design / UI / aesthetics,This app is amazing
Portal,US,portal-US-148,2025-02-19,5,effect: focus / productivity|effect: ADHD / neurodivergent,Love Portal
Portal,US,portal-US-149,2025-02-18,5,design / UI / aesthetics,45 Seconds into using this app and this has to be the most amazing app
Portal,US,portal-US-150,2025-02-18,5,design / UI / aesthetics,Love it !
Portal,US,portal-US-151,2025-02-17,5,effect: focus / productivity|one-time purchase / no subscription,"AMAZING for students, but there is only one issue"
Portal,US,portal-US-152,2025-02-16,5,price / value for money|design / UI / aesthetics,Wish it was cheaper but love it
Portal,US,portal-US-153,2025-02-16,5,effect: focus / productivity|price / value for money,Crazy Effective for Focus!
Portal,US,portal-US-154,2025-02-06,5,price / value for money,Absolutely Breathtaking
Portal,US,portal-US-155,2025-02-06,5,integration (watch / home / desktop / shortcuts)|longevity / daily habit,Thanks Portal Team
Portal,US,portal-US-157,2025-02-05,5,effect: focus / productivity|design / UI / aesthetics|longevity / daily habit,Best dynamic wallpaper
Portal,US,portal-US-158,2025-01-31,5,effect: sleep|price / value for money|design / UI / aesthetics,Tried them all - this is still the best
Portal,US,portal-US-159,2025-01-27,5,longevity / daily habit,Best sound app!
Portal,US,portal-US-160,2025-01-15,5,effect: focus / productivity|effect: sleep|effect: anxiety / calm,Highly recommend
Portal,US,portal-US-161,2025-01-11,5,effect: anxiety / calm|design / UI / aesthetics|integration (watch / home / desktop / shortcuts),Extremely polished
Portal,US,portal-US-162,2025-01-11,4,effect: sleep|effect: anxiety / calm,Very soothing
Portal,US,portal-US-163,2025-01-07,5,sound quality / character|design / UI / aesthetics,Soooo Freaking Cool!!!
Portal,US,portal-US-164,2025-01-07,5,effect: ADHD / neurodivergent|design / UI / aesthetics|science framing,"Life-Changing App for School, Work, and Personal Life!"
Portal,US,portal-US-166,2024-12-26,5,effect: focus / productivity,Helps Focus
Portal,US,portal-US-167,2024-12-25,5,,Wow
Portal,US,portal-US-168,2024-12-18,5,,Best app I have
Portal,US,portal-US-169,2024-12-09,5,,Top
Portal,US,portal-US-171,2024-11-30,5,effect: focus / productivity,Fantastic App - Productivity Inreased
Portal,US,portal-US-172,2024-11-27,5,integration (watch / home / desktop / shortcuts),Apple TV app?
Portal,US,portal-US-174,2024-11-18,5,one-time purchase / no subscription|honesty / fair treatment / respects the user|science framing|longevity / daily habit,Love it but still hope it could be better
Portal,US,portal-US-175,2024-11-06,5,effect: focus / productivity|effect: anxiety / calm,Incredible Customer Support
Portal,US,portal-US-176,2024-11-02,5,,They finally did it
Portal,US,portal-US-177,2024-10-31,5,design / UI / aesthetics|integration (watch / home / desktop / shortcuts),Transport-tacular!
Portal,US,portal-US-178,2024-10-30,5,effect: focus / productivity,Incredible
Portal,US,portal-US-179,2024-10-30,5,effect: focus / productivity|design / UI / aesthetics,🧴 Nerve Balm
Portal,US,portal-US-180,2024-10-29,5,effect: anxiety / calm,Whoa!!!!
Portal,US,portal-US-181,2024-10-28,5,effect: sleep|one-time purchase / no subscription,Thank you.
Portal,US,portal-US-183,2024-10-15,5,,Great app
Portal,US,portal-US-184,2024-09-25,5,,wow apps
Portal,US,portal-US-185,2024-09-21,5,effect: sleep|longevity / daily habit,"Amazing App, surpassed only by the quality of their service"
Portal,US,portal-US-186,2024-09-21,4,effect: focus / productivity,Great start; room for improvement
Portal,US,portal-US-187,2024-09-20,5,,Good even if you don’t have premium
Portal,US,portal-US-188,2024-09-13,5,effect: focus / productivity|effect: anxiety / calm,Transformed my productivity
Portal,US,portal-US-189,2024-09-12,5,,Price
Portal,US,portal-US-190,2024-08-28,5,,Fantastic app
Portal,US,portal-US-191,2024-08-27,4,control / customization|design / UI / aesthetics|integration (watch / home / desktop / shortcuts),Best by far...
Portal,US,portal-US-192,2024-08-17,5,effect: sleep,Need Portal on Smart TVS
Portal,US,portal-US-193,2024-08-17,5,,Issue
Portal,US,portal-US-194,2024-08-13,5,effect: sleep|honesty / fair treatment / respects the user,I literally just got it and I love it already
Portal,US,portal-US-195,2024-08-07,4,effect: anxiety / calm|effect: tinnitus / noise masking|control / customization,Almost Best App Ever
Portal,US,portal-US-197,2024-08-06,5,effect: sleep|sound quality / character|design / UI / aesthetics,10/10!
Portal,US,portal-US-198,2024-08-03,5,effect: focus / productivity|one-time purchase / no subscription,Just what I needed
Portal,US,portal-US-199,2024-07-29,5,,w
Portal,US,portal-US-200,2024-07-24,5,integration (watch / home / desktop / shortcuts),Apple TV app?
Portal,US,portal-US-201,2024-07-23,5,design / UI / aesthetics,A delightful app
Portal,US,portal-US-202,2024-07-19,5,design / UI / aesthetics,Best App to unwind!
Portal,US,portal-US-203,2024-07-19,5,,Essential
Portal,US,portal-US-204,2024-07-14,4,,Question/Suggestion
Portal,US,portal-US-207,2024-07-09,5,effect: focus / productivity|effect: anxiety / calm|design / UI / aesthetics|integration (watch / home / desktop / shortcuts),"The ""how did I ever live without?!"" #1 mac app!"
Portal,US,portal-US-208,2024-07-02,4,variety / catalog size|price / value for money,"Pretty good, needs more.."
Portal,US,portal-US-209,2024-07-01,5,,Great but too expensive
Portal,US,portal-US-210,2024-06-19,5,,Es muy bello sentirse en Familia
Portal,US,portal-US-212,2024-06-12,5,effect: sleep|effect: anxiety / calm|control / customization|integration (watch / home / desktop / shortcuts),Free version review
Portal,US,portal-US-214,2024-05-30,5,effect: anxiety / calm|integration (watch / home / desktop / shortcuts),Perfect for a mindfulness
Portal,US,portal-US-216,2024-05-23,5,effect: focus / productivity|effect: sleep|adaptivity / personalization|integration (watch / home / desktop / shortcuts),Fave App. Great Devs.
Portal,US,portal-US-217,2024-05-22,5,effect: focus / productivity|design / UI / aesthetics,Makes work a little less bad!
Portal,US,portal-US-218,2024-05-19,5,integration (watch / home / desktop / shortcuts),ALMOST Perfect
Portal,US,portal-US-219,2024-05-17,5,design / UI / aesthetics,Love Portal
Portal,US,portal-US-220,2024-05-14,5,integration (watch / home / desktop / shortcuts),Love Portal
Portal,US,portal-US-222,2024-05-10,5,,Portal
Portal,US,portal-US-223,2024-05-04,5,sound quality / character|design / UI / aesthetics,You have blown my mind sense in an amazing way
Portal,US,portal-US-224,2024-05-04,5,effect: anxiety / calm|price / value for money|design / UI / aesthetics,Amazing audio and visual!
Portal,US,portal-US-226,2024-04-28,5,effect: anxiety / calm|integration (watch / home / desktop / shortcuts),A Must-Have for Calming Ambience
Portal,US,portal-US-227,2024-04-25,5,,Wow Amazing
Portal,US,portal-US-228,2024-04-23,5,effect: focus / productivity|design / UI / aesthetics,Great for focus
Portal,US,portal-US-229,2024-04-15,5,effect: focus / productivity|sound quality / character|design / UI / aesthetics,Download ‘Portal’ to Elevate Your Productivity with Immersive Audio!
Portal,US,portal-US-230,2024-04-09,5,effect: focus / productivity|effect: sleep,Great tool to help you get away without getting away
Portal,US,portal-US-232,2024-04-04,5,effect: focus / productivity,Great for work focus
Portal,US,portal-US-234,2024-03-30,5,effect: focus / productivity,Great app one suggestion
Portal,US,portal-US-235,2024-03-28,5,effect: focus / productivity|sound quality / character,Best real world and ambient focus
Portal,US,portal-US-236,2024-03-18,5,effect: sleep|longevity / daily habit,Everyone needs to download this app!
Portal,US,portal-US-237,2024-03-14,5,design / UI / aesthetics,Superb
Portal,US,portal-US-239,2024-03-09,5,effect: focus / productivity,focus is PERFECT 😍🪐❤️🐝
Portal,US,portal-US-241,2024-03-08,5,design / UI / aesthetics,Beautiful App
Portal,US,portal-US-242,2024-03-05,5,effect: sleep|design / UI / aesthetics,Insomnia
Portal,US,portal-US-243,2024-03-02,5,effect: anxiety / calm,I love Portal!
Portal,US,portal-US-244,2024-02-28,5,effect: sleep|effect: anxiety / calm|integration (watch / home / desktop / shortcuts)|longevity / daily habit,Life Changing
Portal,US,portal-US-245,2024-02-27,5,effect: focus / productivity,Best focus tool I've ever used
Portal,US,portal-US-246,2024-02-23,5,effect: focus / productivity|effect: sleep|effect: anxiety / calm|longevity / daily habit,"Transformative App for focus, relaxation, and sleep management"
Portal,US,portal-US-247,2024-02-22,4,,Room To Grow
Portal,US,portal-US-248,2024-02-19,5,,Excellent first step
Portal,US,portal-US-249,2024-02-19,5,,This is a awesome app
Portal,US,portal-US-250,2024-02-19,5,,Excellent
Portal,US,portal-US-251,2024-02-15,5,design / UI / aesthetics,"good service, bad UX"
Portal,US,portal-US-252,2024-02-11,5,,Incredible app and even better customer service
Portal,US,portal-US-253,2024-02-08,5,effect: focus / productivity,Instant Focus
Portal,US,portal-US-254,2024-02-07,5,sound quality / character|control / customization,Just amazing
Portal,US,portal-US-256,2024-02-04,5,effect: focus / productivity|effect: sleep,My favorite IOS app of all time.
Portal,US,portal-US-257,2024-02-02,5,one-time purchase / no subscription|design / UI / aesthetics,Helps me get into flow of work
Portal,US,portal-US-259,2024-01-30,5,integration (watch / home / desktop / shortcuts),"Love, but no Apple TV"
Portal,US,portal-US-260,2024-01-25,5,effect: focus / productivity|effect: anxiety / calm,Could never stay focused until now!
Portal,US,portal-US-261,2024-01-24,5,effect: focus / productivity,Superior efficiency
Portal,US,portal-US-262,2024-01-22,5,honesty / fair treatment / respects the user,hope to reduce the membership price   Performance issue
Portal,US,portal-US-263,2024-01-20,5,longevity / daily habit,Still Keeps getting better
Portal,US,portal-US-264,2024-01-17,5,design / UI / aesthetics,What I've been waiting for
Portal,US,portal-US-265,2024-01-16,5,sound quality / character|price / value for money|design / UI / aesthetics,"It’s not cheap, but it’s excellent"
Portal,US,portal-US-266,2024-01-13,5,variety / catalog size,"Quality, variety, suits every mood"
Portal,US,portal-US-267,2024-01-12,5,design / UI / aesthetics,Beautiful wallpapers...did you notice?
Portal,US,portal-US-268,2024-01-12,5,effect: anxiety / calm|design / UI / aesthetics,Portal is a very unique app.
Portal,US,portal-US-269,2024-01-08,5,effect: sleep|effect: anxiety / calm|honesty / fair treatment / respects the user,Finally some Peace
Portal,US,portal-US-270,2024-01-06,5,,as good as phone app
Portal,US,portal-US-272,2023-12-27,5,longevity / daily habit,Pioneer and Still Here
Portal,US,portal-US-273,2023-12-24,5,,What I've been looking for.
Portal,US,portal-US-274,2023-12-24,5,integration (watch / home / desktop / shortcuts),Excellent App
Portal,US,portal-US-275,2023-12-19,5,,Great App
Portal,US,portal-US-276,2023-12-17,5,effect: sleep|price / value for money|offline / privacy / no account|design / UI / aesthetics|longevity / daily habit,Best app on my phone
Portal,US,portal-US-277,2023-12-16,4,variety / catalog size|one-time purchase / no subscription|design / UI / aesthetics,Great Curation and Backgrounds but needs a few more features
Portal,US,portal-US-278,2023-12-16,5,design / UI / aesthetics|integration (watch / home / desktop / shortcuts),One of my favorite new apps - absolutely stunning
Portal,US,portal-US-279,2023-12-11,5,,Si
Portal,US,portal-US-282,2023-12-04,5,effect: focus / productivity|effect: sleep,Incredible app
Portal,US,portal-US-283,2023-12-04,4,,Portal is great.
Portal,US,portal-US-284,2023-12-04,4,design / UI / aesthetics,"Really cool, want to cycel portals"
Portal,US,portal-US-285,2023-12-04,5,price / value for money,Brilliant app with a brilliant team behind them
Portal,US,portal-US-286,2023-12-03,5,,The best thing since sliced cheese ...
Portal,US,portal-US-287,2023-11-30,5,effect: focus / productivity,Love this app. legit best sub i've ever made
Portal,US,portal-US-288,2023-11-26,5,,Didn't really need a new computer until Portal!
Portal,US,portal-US-290,2023-11-22,5,effect: focus / productivity|effect: sleep|effect: anxiety / calm|variety / catalog size|design / UI / aesthetics|integration (watch / home / desktop / shortcuts),Love this app!
Portal,US,portal-US-295,2023-11-05,5,,NOTHING ON THIS IS FREE!!!
Portal,US,portal-US-296,2023-10-31,5,design / UI / aesthetics,Portal
Portal,US,portal-US-297,2023-10-27,5,integration (watch / home / desktop / shortcuts),Beatiful and effective
Portal,US,portal-US-298,2023-10-20,5,price / value for money|design / UI / aesthetics|integration (watch / home / desktop / shortcuts),"A delightful app, well worth the cost"
Portal,US,portal-US-299,2023-10-13,5,sound quality / character|design / UI / aesthetics,Great visuals!
Portal,US,portal-US-300,2023-10-10,5,design / UI / aesthetics|integration (watch / home / desktop / shortcuts),Responsive Team and Amazing App Experience
Portal,US,portal-US-303,2023-09-27,5,,Audio AND Video Excellence
Portal,US,portal-US-304,2023-09-26,5,design / UI / aesthetics,Extraordinary app design
Portal,US,portal-US-306,2023-09-06,5,effect: focus / productivity|effect: anxiety / calm,Love it.
Portal,US,portal-US-307,2023-09-04,5,price / value for money|design / UI / aesthetics|longevity / daily habit,Love !!!!!  Worth every penny - no question.
Portal,US,portal-US-308,2023-08-27,5,,Outstanding!
Portal,US,portal-US-309,2023-08-26,5,effect: focus / productivity|effect: sleep|design / UI / aesthetics,"Beautiful Sound, visuals, and people"
Portal,US,portal-US-310,2023-08-22,5,,Perfect!
Portal,US,portal-US-311,2023-08-19,5,sound quality / character|design / UI / aesthetics|longevity / daily habit,"An incredible concept, well-executed."
Portal,US,portal-US-312,2023-08-16,5,effect: focus / productivity|effect: anxiety / calm,Brilliant App
Portal,US,portal-US-313,2023-08-15,5,effect: focus / productivity|effect: sleep|effect: anxiety / calm|sound quality / character|control / customization|integration (watch / home / desktop / shortcuts),The best work-from-home tool I've found
Portal,US,portal-US-314,2023-08-03,5,,You guys have done it again!!!
Portal,US,portal-US-315,2023-07-29,5,price / value for money,Go to soundscape
Portal,US,portal-US-316,2023-07-26,5,effect: anxiety / calm,This app is so cool!
Portal,US,portal-US-317,2023-07-22,5,integration (watch / home / desktop / shortcuts),Jaw Dropped
Portal,US,portal-US-319,2023-07-21,5,effect: anxiety / calm,Portal Review
Portal,US,portal-US-320,2023-07-20,5,,WOW!
Portal,US,portal-US-321,2023-07-19,5,design / UI / aesthetics,I love this app!
Portal,US,portal-US-324,2023-07-14,5,design / UI / aesthetics,Just Fabulous
Portal,US,portal-US-325,2023-07-13,5,sound quality / character|variety / catalog size|control / customization|design / UI / aesthetics,A Gateway to Immersive Escapes: Portal App Review
Portal,US,portal-US-326,2023-07-11,5,,Great app to transport yourself
Portal,US,portal-US-328,2023-07-11,5,design / UI / aesthetics|integration (watch / home / desktop / shortcuts)|longevity / daily habit,Absolutely amazing!!
Portal,US,portal-US-330,2023-07-10,5,effect: focus / productivity|effect: sleep|design / UI / aesthetics,Perfect
Portal,US,portal-US-332,2023-07-07,5,effect: focus / productivity|integration (watch / home / desktop / shortcuts),"Excellent product, peerless team."
Portal,US,portal-US-333,2023-07-04,5,effect: sleep|integration (watch / home / desktop / shortcuts),An Experience in Beauty and Excellenc
Portal,US,portal-US-334,2023-06-29,5,effect: focus / productivity|effect: anxiety / calm,Thank you!
Portal,US,portal-US-335,2023-06-29,5,effect: focus / productivity|effect: anxiety / calm|design / UI / aesthetics|longevity / daily habit,Nice Addition to a Mac
Portal,US,portal-US-336,2023-06-28,5,effect: sleep|sound quality / character|price / value for money,Worth it
Portal,US,portal-US-337,2023-06-25,5,effect: focus / productivity|effect: sleep|integration (watch / home / desktop / shortcuts)|longevity / daily habit,Been waiting for the Mac app for years. Blown away!
Portal,US,portal-US-338,2023-06-24,5,effect: anxiety / calm|design / UI / aesthetics,Amazing!
Portal,US,portal-US-340,2023-06-22,5,effect: focus / productivity|variety / catalog size,This is the Pinnacle of Focus Music
Portal,US,portal-US-341,2023-06-20,5,effect: focus / productivity|price / value for money|design / UI / aesthetics,Beautifully Stunning!
Portal,US,portal-US-342,2023-06-19,4,effect: anxiety / calm,It's cool
Portal,US,portal-US-343,2023-06-18,5,,garbage
Portal,US,portal-US-344,2023-06-16,5,integration (watch / home / desktop / shortcuts),Great App!
Portal,US,portal-US-345,2023-06-16,5,effect: sleep|effect: anxiety / calm|design / UI / aesthetics|integration (watch / home / desktop / shortcuts)|effect: ADHD / neurodivergent,Amazingly relaxing experience.
Portal,US,portal-US-346,2023-06-15,5,effect: focus / productivity|effect: sleep|design / UI / aesthetics,Excellent app and service
Portal,US,portal-US-347,2023-06-14,5,effect: focus / productivity|effect: sleep|effect: anxiety / calm|sound quality / character|design / UI / aesthetics|integration (watch / home / desktop / shortcuts)|longevity / daily habit,"Beautiful, Peaceful, Focused."
Portal,US,portal-US-348,2023-06-13,5,effect: focus / productivity|design / UI / aesthetics,Animate your desktop wallpaper?!?!?
Portal,US,portal-US-349,2023-06-13,5,effect: focus / productivity|effect: sleep|effect: anxiety / calm|price / value for money|design / UI / aesthetics,Really Wonderful App
Portal,US,portal-US-350,2023-06-12,5,effect: anxiety / calm|design / UI / aesthetics,Portal: The perfect sound relaxer.
Portal,US,portal-US-351,2023-06-10,4,effect: focus / productivity|effect: anxiety / calm|integration (watch / home / desktop / shortcuts),Great App! Very focused on core principle.
Portal,US,portal-US-352,2023-06-09,5,design / UI / aesthetics,A subtle masterpiece of visual and audiable effects
Portal,US,portal-US-353,2023-06-08,5,integration (watch / home / desktop / shortcuts)|longevity / daily habit,Great App
Portal,US,portal-US-354,2023-06-08,5,effect: sleep|effect: anxiety / calm,Portal
Portal,US,portal-US-356,2023-06-04,5,,Fantastic app but can be better
Portal,US,portal-US-357,2023-06-04,5,,Kybalion
Portal,US,portal-US-358,2023-06-03,5,,The future
Portal,US,portal-US-359,2023-06-03,5,sound quality / character|integration (watch / home / desktop / shortcuts),Fantastic! A few suggestions...
Portal,US,portal-US-361,2023-06-01,5,effect: anxiety / calm|design / UI / aesthetics|integration (watch / home / desktop / shortcuts),Absolutely Beautiful
Portal,US,portal-US-367,2023-05-28,5,effect: sleep|effect: ADHD / neurodivergent|effect: anxiety / calm|design / UI / aesthetics,Wonderful app
Portal,US,portal-US-368,2023-05-27,5,design / UI / aesthetics|integration (watch / home / desktop / shortcuts),Love the new Mac app
Portal,US,portal-US-369,2023-05-26,5,,Love this!
Portal,US,portal-US-370,2023-05-25,4,,Great app!
Portal,US,portal-US-371,2023-05-25,5,,👏👏👏
Portal,US,portal-US-372,2023-05-24,5,design / UI / aesthetics,A Review from one of your Pioneer Members
Portal,US,portal-US-373,2023-05-24,5,longevity / daily habit,Best app on the App Store for Mac.
Portal,US,portal-US-374,2023-05-23,5,,I LOVE THIS APP!
Portal,US,portal-US-375,2023-05-22,5,effect: focus / productivity|longevity / daily habit,A Multitool for Your Mind - Pure Bliss!
Portal,US,portal-US-376,2023-05-22,5,effect: focus / productivity|design / UI / aesthetics,Great for helping with fous
Portal,US,portal-US-377,2023-05-22,5,effect: anxiety / calm|integration (watch / home / desktop / shortcuts),High Quality images and sound (and very soothing!)
Portal,US,portal-US-378,2023-05-22,5,effect: focus / productivity|effect: anxiety / calm|design / UI / aesthetics,Great app to help me focus
Portal,US,portal-US-379,2023-05-22,5,effect: focus / productivity|variety / catalog size|design / UI / aesthetics|longevity / daily habit,Gorgeous
Portal,US,portal-US-380,2023-05-22,5,effect: focus / productivity|sound quality / character|price / value for money,Perfect app for focus time!
Portal,US,portal-US-381,2023-05-21,5,effect: focus / productivity|effect: anxiety / calm,Can't Do Anything Without It
Portal,US,portal-US-382,2023-05-21,5,integration (watch / home / desktop / shortcuts),Interesting Idea with Great Execution
Portal,US,portal-US-383,2023-05-19,5,design / UI / aesthetics,Blow away already!
Portal,US,portal-US-384,2023-05-17,4,,Cool app
Portal,US,portal-US-385,2023-05-08,5,,Awesome!!!
Portal,US,portal-US-386,2023-05-03,5,variety / catalog size|one-time purchase / no subscription,Great app! Great developers!!
Portal,US,portal-US-387,2023-04-21,5,effect: focus / productivity|effect: sleep|effect: anxiety / calm,Fantastic and wonderful will only grow more so
Portal,US,portal-US-388,2023-04-10,5,longevity / daily habit,Amazing
Portal,US,portal-US-389,2023-04-06,4,integration (watch / home / desktop / shortcuts),Apple TV & Watch Apps
Portal,US,portal-US-390,2023-04-01,5,effect: sleep,Jsjdjdjd
Portal,US,portal-US-392,2023-03-27,4,,Lack of updates
Portal,US,portal-US-393,2023-03-18,5,effect: anxiety / calm,The Best!!
Portal,US,portal-US-395,2023-03-12,5,effect: anxiety / calm,Portal
Portal,US,portal-US-397,2023-02-27,5,,Well done
Portal,US,portal-US-398,2023-02-24,5,effect: focus / productivity|effect: anxiety / calm,Love this app!
Portal,US,portal-US-399,2023-02-14,5,,5 stars no questions asked
Portal,US,portal-US-401,2023-02-12,4,sound quality / character|one-time purchase / no subscription,"Best of its kind, but…,"
Portal,US,portal-US-402,2023-02-05,5,,Been a fan for a while!
Portal,US,portal-US-403,2023-01-28,5,,Protect your energy.
Portal,US,portal-US-404,2023-01-26,5,,Much more than expected
Portal,US,portal-US-405,2023-01-26,5,effect: focus / productivity|effect: sleep,Common sense:
Portal,US,portal-US-406,2023-01-24,4,,St Lucia
Portal,US,portal-US-407,2023-01-24,4,price / value for money,The upgrade is looking worth it
Portal,US,portal-US-408,2023-01-23,5,effect: anxiety / calm,THIS IS AMAZING☺️
Portal,US,portal-US-410,2023-01-19,5,effect: anxiety / calm,Wonderful App
Portal,US,portal-US-412,2023-01-19,4,,Need more free options
Portal,US,portal-US-413,2023-01-17,4,effect: anxiety / calm|sound quality / character,Sony WH-1000XM4 Headphones
Portal,US,portal-US-414,2023-01-13,5,effect: anxiety / calm|one-time purchase / no subscription|design / UI / aesthetics,"Soothing app for work, play or resting"
Portal,US,portal-US-416,2023-01-12,5,price / value for money,Best App Ever
Portal,US,portal-US-418,2023-01-08,5,sound quality / character|variety / catalog size|integration (watch / home / desktop / shortcuts),Perfect Escape
Portal,US,portal-US-419,2023-01-08,5,effect: anxiety / calm,There’s a difference between a need and a want.
Portal,US,portal-US-421,2022-12-26,5,effect: anxiety / calm,Great App Guys
Portal,US,portal-US-423,2022-12-15,5,,Perfect
Portal,US,portal-US-424,2022-12-12,5,sound quality / character,Dynamic spatial audio not working with AirPods Pro 2
Portal,US,portal-US-425,2022-12-11,5,effect: focus / productivity|effect: sleep|design / UI / aesthetics,Beautiful and useful
Portal,US,portal-US-427,2022-12-07,5,effect: focus / productivity|effect: sleep|sound quality / character|longevity / daily habit,Using daily for various purposes
Portal,US,portal-US-430,2022-11-11,5,,Love
Portal,US,portal-US-431,2022-11-11,5,effect: anxiety / calm|sound quality / character|design / UI / aesthetics|integration (watch / home / desktop / shortcuts),Love this app. Wish it had Apple TvOS app.
Portal,US,portal-US-432,2022-11-07,5,effect: focus / productivity|effect: anxiety / calm,Love love love this app!
Portal,US,portal-US-435,2022-09-26,5,design / UI / aesthetics|longevity / daily habit,Stunning
Portal,US,portal-US-436,2022-09-22,4,sound quality / character,Good and improving
Portal,US,portal-US-437,2022-09-13,4,design / UI / aesthetics,Not what i expected
Portal,US,portal-US-438,2022-09-08,5,,This is great!
Portal,US,portal-US-439,2022-08-27,5,effect: anxiety / calm|longevity / daily habit,I love it
Portal,US,portal-US-440,2022-08-25,4,integration (watch / home / desktop / shortcuts),Apple TV PLEASE
Portal,US,portal-US-442,2022-08-22,5,,Incredible
Portal,US,portal-US-445,2022-08-19,5,effect: focus / productivity|price / value for money,Expensive but worth it
Portal,US,portal-US-449,2022-07-31,5,effect: anxiety / calm,Makes the iPhone a therapist
Portal,US,portal-US-451,2022-07-27,5,effect: focus / productivity|effect: anxiety / calm|sound quality / character|adaptivity / personalization|price / value for money|longevity / daily habit,Favorite mindfulness app
Portal,US,portal-US-452,2022-07-25,5,effect: anxiety / calm,Incredible
Portal,US,portal-US-453,2022-07-25,5,effect: sleep|design / UI / aesthetics|longevity / daily habit,Portal is the best!
Portal,US,portal-US-454,2022-07-18,4,design / UI / aesthetics,California U.S.A
Portal,US,portal-US-455,2022-07-18,5,price / value for money|design / UI / aesthetics,Worth it for Great Plains Thunderstorm
Portal,US,portal-US-456,2022-07-17,5,effect: focus / productivity,A must-have for working from home
Portal,US,portal-US-458,2022-07-05,4,integration (watch / home / desktop / shortcuts)|longevity / daily habit,Forced Landscape Mode On iPad
Portal,US,portal-US-459,2022-07-01,5,effect: sleep|longevity / daily habit,Excellent App
Portal,US,portal-US-460,2022-06-25,5,effect: focus / productivity|effect: sleep|effect: anxiety / calm|honesty / fair treatment / respects the user|design / UI / aesthetics,Expensive But Gorgeous!
Portal,US,portal-US-461,2022-06-15,5,effect: focus / productivity|effect: anxiety / calm,Love the App
Portal,US,portal-US-462,2022-06-10,4,,Loop issues
Portal,US,portal-US-463,2022-06-06,5,sound quality / character|control / customization|design / UI / aesthetics,Wonderful Immersive Experience
Portal,US,portal-US-464,2022-06-04,5,sound quality / character,Amazing PRO features - ALL FOR FREE!!!!!
Portal,US,portal-US-465,2022-06-03,5,effect: focus / productivity|effect: anxiety / calm|design / UI / aesthetics,Great so far!
Portal,US,portal-US-466,2022-05-28,4,variety / catalog size|price / value for money|honesty / fair treatment / respects the user|longevity / daily habit,"Well done but limited, expensive"
Portal,US,portal-US-467,2022-05-25,5,effect: sleep,Great night’s sleep! Love all my sounds.
Portal,US,portal-US-469,2022-05-11,5,effect: anxiety / calm|offline / privacy / no account,Privacy!
Portal,US,portal-US-470,2022-05-11,5,effect: sleep|honesty / fair treatment / respects the user,😍
Portal,US,portal-US-471,2022-05-02,5,,From another world
Portal,US,portal-US-474,2022-04-26,5,integration (watch / home / desktop / shortcuts),would love an apple tv app
Portal,US,portal-US-475,2022-04-22,5,,Thank you
Portal,US,portal-US-477,2022-04-12,5,effect: sleep|longevity / daily habit,Use every night for sleep
Portal,US,portal-US-478,2022-04-11,5,,Amazing
Portal,US,portal-US-479,2022-03-26,5,,A must have
Portal,US,portal-US-480,2022-03-03,5,effect: tinnitus / noise masking|sound quality / character|design / UI / aesthetics|integration (watch / home / desktop / shortcuts),Great Quality App… but pricing is odd
Portal,US,portal-US-481,2022-03-03,5,effect: focus / productivity|effect: sleep|effect: anxiety / calm|design / UI / aesthetics,Perfect sleep and relaxation ambiance.
Portal,US,portal-US-482,2022-02-25,5,integration (watch / home / desktop / shortcuts),Awesome!!!!
Portal,US,portal-US-484,2022-02-17,5,effect: sleep,Very nice! 😀
Portal,US,portal-US-485,2022-02-15,5,effect: sleep,Love this!
Portal,US,portal-US-486,2022-02-10,5,,Good application 🖤
Portal,US,portal-US-487,2022-02-09,5,price / value for money|offline / privacy / no account|honesty / fair treatment / respects the user|design / UI / aesthetics,Amazing UI and Phenomenal Customer Service
Portal,US,portal-US-488,2022-02-07,4,,تطبيق روعة
Portal,US,portal-US-489,2022-02-02,5,,If you want to be transported…
Portal,US,portal-US-490,2022-01-27,4,,Problems
Portal,US,portal-US-491,2022-01-05,5,sound quality / character|design / UI / aesthetics,Amazing All Around!
Portal,US,portal-US-492,2022-01-02,5,integration (watch / home / desktop / shortcuts),Please help look into this
Portal,US,portal-US-494,2021-12-30,5,effect: sleep|effect: anxiety / calm,Relax
Portal,US,portal-US-495,2021-12-20,4,,Subscription portal
Portal,US,portal-US-496,2021-12-15,5,,The best app
Portal,US,portal-US-497,2021-12-14,4,design / UI / aesthetics,"Beautifully designed, not quite perfect"
Portal,US,portal-US-499,2021-12-13,5,effect: focus / productivity|effect: anxiety / calm,Love love love this app
Portal,DE,portal-DE-000,2026-07-24,5,effect: focus / productivity|effect: anxiety / calm,Fokus & Entspannung
Portal,DE,portal-DE-002,2026-07-16,5,price / value for money|one-time purchase / no subscription,"Stimmt, günstig ist sie nicht"
Portal,DE,portal-DE-004,2026-07-10,5,effect: anxiety / calm,Sofortige Entspannung
Portal,DE,portal-DE-006,2026-06-03,5,effect: anxiety / calm|design / UI / aesthetics,"I love this app, it seems simple but especially on Mac, it feels like "
Portal,DE,portal-DE-007,2026-06-01,5,effect: focus / productivity|sound quality / character|design / UI / aesthetics,Perfect App & excited for more to come
Portal,DE,portal-DE-008,2026-05-08,5,control / customization|design / UI / aesthetics,Beste Qualität! Super Updates!
Portal,DE,portal-DE-009,2026-04-08,5,,Geniale App mit genialen Funktionen
Portal,DE,portal-DE-010,2026-02-27,5,effect: anxiety / calm|honesty / fair treatment / respects the user,Soul Candy at its best
Portal,DE,portal-DE-011,2026-02-22,4,effect: anxiety / calm|integration (watch / home / desktop / shortcuts),Wann für AppleTV?
Portal,DE,portal-DE-012,2026-01-29,5,effect: anxiety / calm|design / UI / aesthetics|integration (watch / home / desktop / shortcuts),Refreshing experience on my digital devices
Portal,DE,portal-DE-013,2026-01-11,5,effect: sleep|effect: anxiety / calm,Sehr gut
Portal,DE,portal-DE-015,2026-01-02,4,,Super App
Portal,DE,portal-DE-016,2025-12-30,5,design / UI / aesthetics,"Mein Gott, ist das schön!"
Portal,DE,portal-DE-017,2025-12-17,4,effect: focus / productivity|design / UI / aesthetics,"Great design, great immersion, works for me to focus"
Portal,DE,portal-DE-018,2025-11-04,5,effect: anxiety / calm,Unfassbar gut!
Portal,DE,portal-DE-019,2025-11-03,4,one-time purchase / no subscription|longevity / daily habit,Perfect but expensive
Portal,DE,portal-DE-020,2025-10-09,5,effect: focus / productivity|effect: ADHD / neurodivergent|effect: anxiety / calm|sound quality / character|design / UI / aesthetics|integration (watch / home / desktop / shortcuts),A true Portal to a Calm Piece of Mind!🌌✨
Portal,DE,portal-DE-021,2025-10-02,5,effect: anxiety / calm|design / UI / aesthetics,Ein Traum
Portal,DE,portal-DE-022,2025-09-25,5,effect: focus / productivity|effect: anxiety / calm|design / UI / aesthetics|longevity / daily habit,Mesmerizing yet focusing
Portal,DE,portal-DE-024,2025-07-02,4,effect: focus / productivity,Awesome! One Request
Portal,DE,portal-DE-025,2025-06-10,5,effect: focus / productivity|one-time purchase / no subscription|offline / privacy / no account|integration (watch / home / desktop / shortcuts),Awesome Nature Soundscapes
Portal,DE,portal-DE-026,2025-05-23,5,,Portal
Portal,DE,portal-DE-027,2025-05-03,5,design / UI / aesthetics,Gorgeous App!
Portal,DE,portal-DE-029,2025-03-20,5,effect: focus / productivity|design / UI / aesthetics|longevity / daily habit,This app is a real game changer
Portal,DE,portal-DE-030,2025-02-26,5,effect: focus / productivity|design / UI / aesthetics,Perfect Blend of Visuals and Sound for Productivity!
Portal,DE,portal-DE-032,2024-12-13,5,effect: focus / productivity|effect: anxiety / calm|variety / catalog size|control / customization|integration (watch / home / desktop / shortcuts)|longevity / daily habit,Preis auf jeden Fall wert
Portal,DE,portal-DE-033,2024-12-08,4,integration (watch / home / desktop / shortcuts),"Wonderful, but missing on Apple TV"
Portal,DE,portal-DE-034,2024-11-15,5,effect: focus / productivity|effect: anxiety / calm|design / UI / aesthetics|integration (watch / home / desktop / shortcuts)|longevity / daily habit,Überzeugend und schön!
Portal,DE,portal-DE-035,2024-11-05,4,,Cool
Portal,DE,portal-DE-037,2024-07-20,5,effect: anxiety / calm,Fantastisch
Portal,DE,portal-DE-039,2024-04-12,5,effect: anxiety / calm|sound quality / character|price / value for money,Eye & Ear candy!
Portal,DE,portal-DE-040,2024-04-08,5,longevity / daily habit,Portal
Portal,DE,portal-DE-042,2024-03-25,5,,Hält was die verspricht !
Portal,DE,portal-DE-043,2024-03-12,5,effect: anxiety / calm,Entspannung
Portal,DE,portal-DE-044,2024-03-07,5,design / UI / aesthetics,Sehr schöne App
Portal,DE,portal-DE-046,2024-02-08,5,effect: sleep|effect: anxiety / calm|design / UI / aesthetics,Erstklassige App für Naturklänge
Portal,DE,portal-DE-047,2024-01-19,5,,Tolle App
Portal,DE,portal-DE-048,2024-01-14,5,,Portal
Portal,DE,portal-DE-049,2024-01-04,5,effect: focus / productivity|effect: anxiety / calm,Great App - Even Greater Customer Support
Portal,DE,portal-DE-050,2023-12-21,4,,Free trail content
Portal,DE,portal-DE-051,2023-12-15,5,,wie eine echte cam
Portal,DE,portal-DE-053,2023-11-26,5,effect: anxiety / calm,MEGA
Portal,DE,portal-DE-054,2023-11-25,5,effect: focus / productivity|effect: anxiety / calm|integration (watch / home / desktop / shortcuts),Die besten Soundscapes aller Zeiten
Portal,DE,portal-DE-057,2023-07-11,5,sound quality / character|design / UI / aesthetics|integration (watch / home / desktop / shortcuts),Stunning on macOS
Portal,DE,portal-DE-058,2023-06-26,5,effect: focus / productivity|effect: anxiety / calm|longevity / daily habit,Finally - exactly what I needed
Portal,DE,portal-DE-059,2023-06-08,5,design / UI / aesthetics|integration (watch / home / desktop / shortcuts),Wundervoll
Portal,DE,portal-DE-064,2022-07-31,5,design / UI / aesthetics,This App! My god!
Portal,DE,portal-DE-066,2022-02-17,5,effect: anxiety / calm,What an amazing app this is
Portal,DE,portal-DE-067,2021-12-16,5,,Hallo Portal
Portal,DE,portal-DE-069,2021-10-20,4,integration (watch / home / desktop / shortcuts),"Schon cool, aber…"
Portal,DE,portal-DE-070,2021-08-15,5,,Absoluter Tipp
Portal,DE,portal-DE-074,2021-05-13,5,effect: sleep|effect: anxiety / calm|variety / catalog size|one-time purchase / no subscription|design / UI / aesthetics|integration (watch / home / desktop / shortcuts),Großartige App!
Portal,DE,portal-DE-076,2021-03-03,5,effect: anxiety / calm|design / UI / aesthetics,Fantastic App! Wow...
Portal,DE,portal-DE-077,2021-02-21,5,,1a
Portal,DE,portal-DE-079,2021-02-11,4,control / customization|design / UI / aesthetics,Great App! But another subscription ?
Portal,DE,portal-DE-080,2021-01-26,5,one-time purchase / no subscription,Super App
Portal,DE,portal-DE-081,2021-01-14,5,effect: focus / productivity,Excellent app to focus
Portal,DE,portal-DE-084,2020-12-09,4,longevity / daily habit,Awesome
Portal,DE,portal-DE-085,2020-12-08,5,one-time purchase / no subscription,Monatliches Abo?
Portal,DE,portal-DE-087,2020-11-20,5,integration (watch / home / desktop / shortcuts),Feature Request
Portal,DE,portal-DE-088,2020-10-14,5,effect: focus / productivity|effect: sleep|sound quality / character|design / UI / aesthetics|integration (watch / home / desktop / shortcuts),Hochklassige Soundscapes
Portal,DE,portal-DE-091,2020-09-20,4,variety / catalog size,Almost perfect
Portal,DE,portal-DE-094,2020-08-16,5,,"Für mich die beste App, die es gibt"
Portal,DE,portal-DE-097,2020-08-05,4,effect: anxiety / calm|sound quality / character|design / UI / aesthetics,"Amazing and immersive UI, Sounds great, Videos too short"
Portal,DE,portal-DE-098,2020-07-27,5,design / UI / aesthetics,"Elegant, nice sounds,  one necessary improvemt"
Portal,DE,portal-DE-099,2020-07-15,5,design / UI / aesthetics,Genial
Portal,DE,portal-DE-100,2020-07-14,5,effect: anxiety / calm|design / UI / aesthetics,Sehr gute App - Perfekt mit den Airpods Pro
Portal,DE,portal-DE-101,2020-07-02,5,design / UI / aesthetics,Breathtaking
Portal,DE,portal-DE-102,2020-06-24,4,effect: anxiety / calm|design / UI / aesthetics,Almost perfect
Portal,DE,portal-DE-103,2020-06-24,5,one-time purchase / no subscription,Ausgezeichnet
Portal,DE,portal-DE-104,2020-06-24,5,design / UI / aesthetics,Amazing visuals and UI
Portal,DE,portal-DE-106,2020-05-14,5,effect: anxiety / calm|integration (watch / home / desktop / shortcuts),Very good for relaxation
Portal,DE,portal-DE-107,2020-05-08,5,effect: sleep|price / value for money|design / UI / aesthetics,Unbelievable!!
Portal,DE,portal-DE-108,2020-05-07,5,design / UI / aesthetics,Best in class
Portal,DE,portal-DE-109,2020-03-25,5,,WOW
Portal,DE,portal-DE-110,2020-02-18,5,effect: focus / productivity|effect: anxiety / calm|one-time purchase / no subscription,Dream - Relax - Back to work
Portal,DE,portal-DE-111,2020-02-07,5,integration (watch / home / desktop / shortcuts),Wonderful!
Mubert,US,mubert-US-000,2026-06-17,5,variety / catalog size,music for plants
Mubert,US,mubert-US-004,2024-03-17,4,,"Love this app, however."
Mubert,US,mubert-US-005,2024-01-30,5,effect: focus / productivity,Six stars
Mubert,US,mubert-US-007,2023-12-14,4,design / UI / aesthetics,Mubert: Favorites Functionality Issue
Mubert,US,mubert-US-008,2023-09-10,5,honesty / fair treatment / respects the user,This app is fantastic
Mubert,US,mubert-US-016,2023-03-01,5,,Way to go
Mubert,US,mubert-US-019,2022-11-18,4,control / customization,"One wish, otherwise incredible"
Mubert,US,mubert-US-020,2022-10-09,5,honesty / fair treatment / respects the user,I love it!
Mubert,US,mubert-US-021,2022-07-13,5,,That song was so good
Mubert,US,mubert-US-024,2022-03-23,5,control / customization,Impressive
Mubert,US,mubert-US-026,2022-02-01,5,,Surprised me
Mubert,US,mubert-US-030,2021-03-12,5,effect: focus / productivity,"I’m picky about my LoFi, but..."
Mubert,US,mubert-US-032,2021-02-15,5,,Amazing app
Mubert,US,mubert-US-034,2021-01-06,5,,Perfect balance from rhythm to ambient music!
Mubert,US,mubert-US-036,2020-10-26,5,design / UI / aesthetics,Fantastic
Mubert,US,mubert-US-040,2020-07-25,4,,Great concept and execution!
Mubert,US,mubert-US-041,2020-07-21,5,sound quality / character|variety / catalog size|longevity / daily habit,Love it!
Mubert,US,mubert-US-042,2020-07-02,5,effect: focus / productivity|effect: sleep|variety / catalog size|longevity / daily habit,Awesome endless music app
Mubert,US,mubert-US-043,2020-06-13,5,sound quality / character,For avid music lovers
Mubert,US,mubert-US-046,2020-05-26,4,effect: focus / productivity,Good app but add time tracking
Mubert,US,mubert-US-048,2020-05-02,4,effect: focus / productivity|integration (watch / home / desktop / shortcuts),Good app but the iPad.
Mubert,US,mubert-US-049,2020-03-26,5,,One of the coolest AI tasks I’ve seen
Mubert,US,mubert-US-050,2020-03-19,4,variety / catalog size,"lots of genres, but small problem"
Mubert,US,mubert-US-052,2020-03-15,5,variety / catalog size,Good app with nice music
Mubert,US,mubert-US-055,2020-03-09,5,,Want to subscribe
Mubert,US,mubert-US-056,2020-03-08,5,,Add some new channels!
Mubert,US,mubert-US-057,2020-03-05,5,,"Doesn’t launch, asked for my Apple ID password"
Mubert,US,mubert-US-059,2020-02-15,5,,It’s fun
Mubert,US,mubert-US-060,2020-02-13,5,longevity / daily habit,Great
Mubert,US,mubert-US-062,2020-02-11,4,,Almost perfect
Mubert,US,mubert-US-063,2020-02-05,5,,Super sound and AI
Mubert,US,mubert-US-067,2020-01-27,4,effect: sleep|design / UI / aesthetics,Beautiful app !
Mubert,US,mubert-US-071,2020-01-09,5,,Love it!
Mubert,US,mubert-US-075,2019-12-12,5,,Awesome implementation
Mubert,US,mubert-US-076,2019-12-10,5,,ایول
Mubert,US,mubert-US-077,2019-12-09,4,,Really amazing but a but costly for premium
Mubert,US,mubert-US-081,2019-11-24,4,effect: anxiety / calm|design / UI / aesthetics,Great app
Mubert,US,mubert-US-082,2019-11-24,5,,Great samples with evolving rhythms
Mubert,US,mubert-US-083,2019-11-22,5,,I love this so much
Mubert,US,mubert-US-086,2019-11-14,4,effect: anxiety / calm|control / customization|design / UI / aesthetics|integration (watch / home / desktop / shortcuts),Great
Mubert,US,mubert-US-087,2019-11-14,5,,Too easy
Mubert,US,mubert-US-088,2019-11-14,5,,Great ambient music for studying!
Mubert,US,mubert-US-089,2019-11-14,5,design / UI / aesthetics,Eh seems like a well designed app
Mubert,US,mubert-US-090,2019-11-13,4,,pretty epic
Mubert,US,mubert-US-097,2019-11-01,5,design / UI / aesthetics|integration (watch / home / desktop / shortcuts),Amazing!
Mubert,US,mubert-US-098,2019-10-28,5,,Forward-thinking music initiative
Mubert,US,mubert-US-099,2019-10-19,4,integration (watch / home / desktop / shortcuts),Was great until sending to airplay broke
Mubert,US,mubert-US-100,2019-09-08,4,design / UI / aesthetics,Issue
Mubert,US,mubert-US-102,2019-08-31,4,effect: focus / productivity|design / UI / aesthetics,Soild App
Mubert,US,mubert-US-104,2019-08-10,5,effect: focus / productivity,New favorite music app
Mubert,US,mubert-US-105,2019-07-31,4,effect: sleep|effect: anxiety / calm,I love it but a few minor problems.
Mubert,US,mubert-US-106,2019-07-30,4,effect: anxiety / calm|variety / catalog size,Very cool concept. Wish it didn’t stop!
Mubert,US,mubert-US-107,2019-07-23,5,effect: focus / productivity,Great for work
Mubert,US,mubert-US-109,2019-07-20,4,,Pretty cool idea.
Mubert,US,mubert-US-112,2019-07-17,5,variety / catalog size,Very unique
Mubert,US,mubert-US-114,2019-07-08,4,variety / catalog size|control / customization,Little lacking but with some improvements could be 5 stars
Mubert,US,mubert-US-115,2019-07-02,5,,good
Mubert,US,mubert-US-116,2019-06-15,5,effect: anxiety / calm|variety / catalog size|adaptivity / personalization|integration (watch / home / desktop / shortcuts),Wow! So many use case...
Mubert,US,mubert-US-118,2019-04-20,5,,"Best of the best, thanks"
Mubert,US,mubert-US-119,2019-02-24,5,adaptivity / personalization,Passes the Turing Hearing Test (if one existed)
Mubert,US,mubert-US-120,2019-02-21,5,design / UI / aesthetics|integration (watch / home / desktop / shortcuts),"Great app, if there is horizontal iPad support there would be great!"
Mubert,US,mubert-US-122,2019-01-30,5,price / value for money,Paid stations are worth the money
Mubert,US,mubert-US-123,2019-01-08,5,effect: focus / productivity,Boosts my Productivity
Mubert,US,mubert-US-126,2018-09-12,5,,Love it
Mubert,US,mubert-US-127,2018-08-31,5,variety / catalog size,Infinite AI-generated music flow for every case
Mubert,US,mubert-US-132,2018-03-07,5,,REALLY Clear Sound
Mubert,US,mubert-US-133,2018-03-05,5,,Great!
Mubert,US,mubert-US-134,2018-03-03,4,offline / privacy / no account,good app!
Mubert,US,mubert-US-135,2018-03-02,5,control / customization,Why did you teach her how to talk?
Mubert,US,mubert-US-136,2018-03-01,4,design / UI / aesthetics,I have a problem with this marvellous app.
Mubert,US,mubert-US-138,2018-02-26,5,,Great
Mubert,US,mubert-US-139,2018-01-28,4,offline / privacy / no account,Great but please create offline mode
Mubert,US,mubert-US-140,2017-10-20,5,design / UI / aesthetics,One comment
Mubert,DE,mubert-DE-007,2021-02-07,4,integration (watch / home / desktop / shortcuts),AirPlay
Mubert,DE,mubert-DE-008,2020-12-24,5,,Mega
Mubert,DE,mubert-DE-009,2020-08-28,5,effect: anxiety / calm|effect: tinnitus / noise masking,Absolute Ruhe
Mubert,DE,mubert-DE-011,2020-05-30,5,effect: anxiety / calm,Großartig
Mubert,DE,mubert-DE-012,2020-05-29,4,design / UI / aesthetics,Nette Idee
Mubert,DE,mubert-DE-013,2020-05-29,4,,Prima App
Mubert,DE,mubert-DE-014,2020-05-29,4,variety / catalog size|design / UI / aesthetics,Musik leicht gemacht
Mubert,DE,mubert-DE-015,2020-05-28,5,design / UI / aesthetics,Sehr schön
Mubert,DE,mubert-DE-016,2019-08-11,4,,Nicht schlecht
Mubert,DE,mubert-DE-017,2019-08-08,5,design / UI / aesthetics|integration (watch / home / desktop / shortcuts),The future of listening music!!
Mubert,DE,mubert-DE-020,2019-03-04,5,,Nice Music Player
Mubert,DE,mubert-DE-021,2019-01-16,5,,Mega!
Mubert,DE,mubert-DE-022,2018-08-31,4,effect: sleep,Super App
Dark Noise,US,darknoise-US-000,2026-08-23,5,effect: sleep,Fantastic sleep aid
Dark Noise,US,darknoise-US-005,2026-06-28,5,effect: anxiety / calm|control / customization|longevity / daily habit,Love the ability to create my own mixes
Dark Noise,US,darknoise-US-006,2026-06-17,5,,LOVE THIS!!!
Dark Noise,US,darknoise-US-007,2026-06-10,5,effect: sleep,So good
Dark Noise,US,darknoise-US-009,2026-05-02,5,effect: ADHD / neurodivergent,Yesss
Dark Noise,US,darknoise-US-011,2026-03-14,5,effect: focus / productivity|effect: sleep|effect: anxiety / calm|design / UI / aesthetics|integration (watch / home / desktop / shortcuts),Beautiful App
Dark Noise,US,darknoise-US-013,2026-02-04,5,,My weird tendencies paid off
Dark Noise,US,darknoise-US-014,2026-01-30,5,,Kyle Ryan
Dark Noise,US,darknoise-US-016,2026-01-14,5,effect: focus / productivity|control / customization|design / UI / aesthetics,Best Ambient Sounds App
Dark Noise,US,darknoise-US-017,2026-01-02,5,,Amazing app
Dark Noise,US,darknoise-US-021,2025-11-30,5,design / UI / aesthetics,Excellent app
Dark Noise,US,darknoise-US-024,2025-10-04,5,,Dark Noise in the computer
Dark Noise,US,darknoise-US-025,2025-08-27,5,control / customization|design / UI / aesthetics,white noise + podcast = 😴💭🐑🐑🐑
Dark Noise,US,darknoise-US-028,2025-06-13,5,effect: tinnitus / noise masking,Carolyn
Dark Noise,US,darknoise-US-029,2025-06-11,5,design / UI / aesthetics,Amazing quality sound and cute animations
Dark Noise,US,darknoise-US-030,2025-05-24,5,,Excellent
Dark Noise,US,darknoise-US-031,2025-05-17,5,one-time purchase / no subscription,"Perfect, for the free version"
Dark Noise,US,darknoise-US-032,2025-05-10,4,effect: tinnitus / noise masking|control / customization,Helps with Tinnitus!
Dark Noise,US,darknoise-US-033,2025-03-29,5,,Good but only a few free
Dark Noise,US,darknoise-US-034,2025-03-25,5,,Good quality
Dark Noise,US,darknoise-US-035,2025-03-11,5,effect: sleep,Convenient
Dark Noise,US,darknoise-US-037,2025-01-27,5,integration (watch / home / desktop / shortcuts)|longevity / daily habit,Awesome! Just needs a couple of things…
Dark Noise,US,darknoise-US-038,2025-01-27,5,variety / catalog size|design / UI / aesthetics,Love this for soundscapes
Dark Noise,US,darknoise-US-040,2025-01-10,5,effect: sleep|adaptivity / personalization,Just exactly perfect
Dark Noise,US,darknoise-US-041,2025-01-06,5,effect: anxiety / calm,Relaxing
Dark Noise,US,darknoise-US-043,2024-12-20,5,,Awesome
Dark Noise,US,darknoise-US-044,2024-12-20,5,,I  love thisapp
Dark Noise,US,darknoise-US-045,2024-12-15,5,effect: sleep,Can’t sleep without it!
Dark Noise,US,darknoise-US-046,2024-12-11,5,effect: sleep,Can’t sleep without it!
Dark Noise,US,darknoise-US-048,2024-12-09,5,effect: sleep|effect: anxiety / calm,Long time Dark Noise fan❤️
Dark Noise,US,darknoise-US-049,2024-12-09,5,,Great app
Dark Noise,US,darknoise-US-052,2024-12-02,5,effect: anxiety / calm|design / UI / aesthetics,Love love love
Dark Noise,US,darknoise-US-053,2024-11-07,5,,Travelers Dream
Dark Noise,US,darknoise-US-054,2024-11-06,5,effect: anxiety / calm|effect: tinnitus / noise masking,Wonderful!
Dark Noise,US,darknoise-US-055,2024-11-04,5,,The great sound
Dark Noise,US,darknoise-US-057,2024-10-05,5,integration (watch / home / desktop / shortcuts),Amazing!
Dark Noise,US,darknoise-US-058,2024-10-05,4,effect: sleep|effect: anxiety / calm|integration (watch / home / desktop / shortcuts),Best sleep sound environment
Dark Noise,US,darknoise-US-062,2024-09-20,5,integration (watch / home / desktop / shortcuts),"Good app, but"
Dark Noise,US,darknoise-US-063,2024-08-15,5,effect: anxiety / calm|sound quality / character|price / value for money|one-time purchase / no subscription|design / UI / aesthetics|longevity / daily habit,A rare gem
Dark Noise,US,darknoise-US-065,2024-08-07,5,,#Mykewasright
Dark Noise,US,darknoise-US-068,2024-06-26,5,integration (watch / home / desktop / shortcuts),Thunderstorm is so good
Dark Noise,US,darknoise-US-073,2024-05-01,5,effect: anxiety / calm,Lovely companion.
Dark Noise,US,darknoise-US-074,2024-04-22,5,effect: sleep|design / UI / aesthetics,"Works great, sleep well"
Dark Noise,US,darknoise-US-076,2024-03-24,5,,Just great
Dark Noise,US,darknoise-US-077,2024-03-14,5,effect: anxiety / calm|design / UI / aesthetics,“Airplane Noise” is comforting and doesn’t require a paid subscription
Dark Noise,US,darknoise-US-079,2024-03-02,5,effect: focus / productivity,Best App
Dark Noise,US,darknoise-US-080,2024-03-01,5,,love it
Dark Noise,US,darknoise-US-081,2024-02-27,5,,Best app of its kind.
Dark Noise,US,darknoise-US-082,2024-02-22,5,,Well refined app
Dark Noise,US,darknoise-US-084,2024-01-20,5,effect: sleep,Helps My Insomnia!
Dark Noise,US,darknoise-US-088,2023-12-21,5,one-time purchase / no subscription|honesty / fair treatment / respects the user|design / UI / aesthetics|longevity / daily habit,Helpful. Intuitive. Sleek.
Dark Noise,US,darknoise-US-089,2023-12-20,5,effect: sleep,Very nice to go to sleep to
Dark Noise,US,darknoise-US-090,2023-12-20,5,,The ideal noise app
Dark Noise,US,darknoise-US-091,2023-12-06,5,,YOU ARE TRASH
Dark Noise,US,darknoise-US-093,2023-11-30,5,effect: focus / productivity,love this app
Dark Noise,US,darknoise-US-094,2023-11-22,5,honesty / fair treatment / respects the user,"Simple reliable app, no ads, does what it says on the tin"
Dark Noise,US,darknoise-US-095,2023-11-21,5,effect: sleep,Love the app
Dark Noise,US,darknoise-US-096,2023-11-17,4,design / UI / aesthetics,Great App!!! One useful feature missing
Dark Noise,US,darknoise-US-097,2023-11-11,4,effect: anxiety / calm|variety / catalog size,Very pleasant
Dark Noise,US,darknoise-US-100,2023-10-17,5,variety / catalog size,Dark noise
Dark Noise,US,darknoise-US-101,2023-10-14,5,,Absolutely fantastic
Dark Noise,US,darknoise-US-105,2023-09-27,4,,It good
Dark Noise,US,darknoise-US-106,2023-09-23,5,effect: sleep|control / customization|one-time purchase / no subscription|design / UI / aesthetics,Thank you
Dark Noise,US,darknoise-US-107,2023-09-22,5,effect: focus / productivity|effect: sleep|variety / catalog size|offline / privacy / no account|honesty / fair treatment / respects the user|design / UI / aesthetics|integration (watch / home / desktop / shortcuts),The best sound app
Dark Noise,US,darknoise-US-108,2023-09-22,5,design / UI / aesthetics|integration (watch / home / desktop / shortcuts),Best sound program I’ve found.
Dark Noise,US,darknoise-US-109,2023-09-19,5,effect: sleep|longevity / daily habit,Love Dark Noise
Dark Noise,US,darknoise-US-111,2023-09-19,5,one-time purchase / no subscription|integration (watch / home / desktop / shortcuts)|longevity / daily habit,Solid App In Need Of Menu Bar Support
Dark Noise,US,darknoise-US-112,2023-09-18,5,,Top notch app
Dark Noise,US,darknoise-US-113,2023-09-04,5,design / UI / aesthetics,wonderful
Dark Noise,US,darknoise-US-115,2023-07-03,5,effect: sleep,1 Year in and Still The Best
Dark Noise,US,darknoise-US-116,2023-05-24,5,control / customization|design / UI / aesthetics,Great interface
Dark Noise,US,darknoise-US-117,2023-05-23,5,,very good
Dark Noise,US,darknoise-US-118,2023-05-18,4,,"Good, Except Bait-n-Switch"
Dark Noise,US,darknoise-US-119,2023-05-12,5,effect: sleep,Great White Noise App
Dark Noise,US,darknoise-US-120,2023-05-09,5,effect: anxiety / calm|variety / catalog size,Really Fun Sound App
Dark Noise,US,darknoise-US-121,2023-04-27,5,,Legacy rain and thunderstorm sounds
Dark Noise,US,darknoise-US-123,2023-04-07,5,effect: sleep,Helped me get to sleep!
Dark Noise,US,darknoise-US-124,2023-04-06,5,effect: focus / productivity|effect: sleep,The App for Focus
Dark Noise,US,darknoise-US-125,2023-04-05,5,,Awesome Developer. This is how you treat customers!
Dark Noise,US,darknoise-US-126,2023-04-05,5,effect: focus / productivity|price / value for money|one-time purchase / no subscription|integration (watch / home / desktop / shortcuts),Listen. (Get it!) Dark Noise is a sound investment.
Dark Noise,US,darknoise-US-127,2023-04-04,5,,Outstanding attention to detail
Dark Noise,US,darknoise-US-132,2023-04-02,5,,Subscriptions Rock!
Dark Noise,US,darknoise-US-133,2023-03-27,4,sound quality / character|variety / catalog size|control / customization|longevity / daily habit,Dark Noise in 2023
Dark Noise,US,darknoise-US-135,2023-02-28,5,effect: focus / productivity|effect: tinnitus / noise masking,Pure peace
Dark Noise,US,darknoise-US-136,2023-02-21,4,,Long Fade dosn't work properly
Dark Noise,US,darknoise-US-137,2023-02-15,5,control / customization|design / UI / aesthetics,"So good, so easy to use across platforms"
Dark Noise,US,darknoise-US-138,2023-01-30,5,integration (watch / home / desktop / shortcuts),Very versatile and capable sound app
Dark Noise,US,darknoise-US-139,2023-01-29,5,effect: focus / productivity,This app is the best!
Dark Noise,US,darknoise-US-141,2023-01-18,5,effect: focus / productivity,Fantastic
Dark Noise,US,darknoise-US-144,2022-12-25,5,control / customization,Great app
Dark Noise,US,darknoise-US-145,2022-12-23,5,control / customization|design / UI / aesthetics|integration (watch / home / desktop / shortcuts),good and simple
Dark Noise,US,darknoise-US-147,2022-12-05,5,effect: sleep|effect: anxiety / calm,Favorite Background Utility
Dark Noise,US,darknoise-US-148,2022-12-05,5,,Great white noise app
Dark Noise,US,darknoise-US-149,2022-12-05,5,,Mpu listener who likes the app a lot
Dark Noise,US,darknoise-US-150,2022-11-21,5,effect: sleep,Make your own sleep sounds!
Dark Noise,US,darknoise-US-151,2022-11-17,5,effect: focus / productivity|control / customization|price / value for money|design / UI / aesthetics,Thank you!
Dark Noise,US,darknoise-US-153,2022-11-02,5,effect: sleep|effect: tinnitus / noise masking|control / customization|science framing,Best single purchase app for soundscapes
Dark Noise,US,darknoise-US-154,2022-10-31,5,effect: sleep|longevity / daily habit,My go to travel app
Dark Noise,US,darknoise-US-155,2022-10-31,5,,Simple and no frills.
Dark Noise,US,darknoise-US-156,2022-10-25,5,effect: anxiety / calm,CD43
Dark Noise,US,darknoise-US-157,2022-10-25,5,,Exactly what I needed
Dark Noise,US,darknoise-US-158,2022-10-09,5,control / customization|design / UI / aesthetics|integration (watch / home / desktop / shortcuts),"By far, the best in the bg sound app as of Oct '22"
Dark Noise,US,darknoise-US-159,2022-10-04,5,,I love this app
Dark Noise,US,darknoise-US-160,2022-09-28,4,effect: focus / productivity|one-time purchase / no subscription|design / UI / aesthetics,Good app with some minor knits
Dark Noise,US,darknoise-US-161,2022-09-15,5,integration (watch / home / desktop / shortcuts),App is great
Dark Noise,US,darknoise-US-162,2022-08-25,5,price / value for money|design / UI / aesthetics,Does exactly what it says!
Dark Noise,US,darknoise-US-164,2022-08-07,4,,The Loops Are Too Short
Dark Noise,US,darknoise-US-165,2022-08-04,5,effect: sleep|control / customization|price / value for money,Awesome App!
Dark Noise,US,darknoise-US-166,2022-07-26,5,sound quality / character|design / UI / aesthetics,I use it everday and all night!
Dark Noise,US,darknoise-US-167,2022-07-17,5,,no frills but super easy and just the right number of features
Dark Noise,US,darknoise-US-168,2022-07-06,5,control / customization|design / UI / aesthetics,Janky volume
Dark Noise,US,darknoise-US-169,2022-06-01,5,design / UI / aesthetics,Best of the Best
Dark Noise,US,darknoise-US-170,2022-05-22,5,,CD43
Dark Noise,US,darknoise-US-172,2022-04-30,4,control / customization|integration (watch / home / desktop / shortcuts),"Great app, wants for more sounds"
Dark Noise,US,darknoise-US-173,2022-03-04,5,sound quality / character,This is awesome on so many levels
Dark Noise,US,darknoise-US-174,2022-03-03,5,longevity / daily habit,One of the most have apps
Dark Noise,US,darknoise-US-175,2021-12-19,5,control / customization,Nice selection and mixing
Dark Noise,US,darknoise-US-176,2021-12-07,4,,comforting
Dark Noise,US,darknoise-US-177,2021-11-27,5,effect: focus / productivity,My at-home coffee shop
Dark Noise,US,darknoise-US-179,2021-10-28,4,,Digital blip noise in airplane sound
Dark Noise,US,darknoise-US-180,2021-09-24,5,effect: sleep,Best sleep sounds without crazy subscriptions
Dark Noise,US,darknoise-US-181,2021-09-10,5,control / customization|design / UI / aesthetics|integration (watch / home / desktop / shortcuts),Best unified app experience
Dark Noise,US,darknoise-US-183,2021-08-04,5,effect: focus / productivity|effect: anxiety / calm,"Amazing app for concentration, relaxation, or deep work"
Dark Noise,US,darknoise-US-184,2021-08-02,4,control / customization|one-time purchase / no subscription|design / UI / aesthetics,i’ve had this for a year and
Dark Noise,US,darknoise-US-185,2021-07-18,5,design / UI / aesthetics,Beautifully made
Dark Noise,US,darknoise-US-186,2021-06-16,5,longevity / daily habit,Amazing!
Dark Noise,US,darknoise-US-187,2021-06-15,5,,Great app.
Dark Noise,US,darknoise-US-188,2021-06-09,5,effect: sleep|effect: anxiety / calm|design / UI / aesthetics|integration (watch / home / desktop / shortcuts)|longevity / daily habit,I love Dark Noise!
Dark Noise,US,darknoise-US-189,2021-06-07,5,effect: sleep,Greatest
Dark Noise,US,darknoise-US-190,2021-06-04,5,effect: sleep|effect: tinnitus / noise masking|design / UI / aesthetics|integration (watch / home / desktop / shortcuts),Solid Sleep Sounds
Dark Noise,US,darknoise-US-191,2021-06-03,5,effect: sleep|design / UI / aesthetics|integration (watch / home / desktop / shortcuts),Best sleep sounds app ever!
Dark Noise,US,darknoise-US-192,2021-06-01,5,price / value for money,Support a Small Dev!
Dark Noise,US,darknoise-US-193,2021-05-28,5,effect: tinnitus / noise masking,Best Sound Machine By Far
Dark Noise,US,darknoise-US-194,2021-05-25,5,price / value for money,Amazing
Dark Noise,US,darknoise-US-195,2021-04-14,5,variety / catalog size|design / UI / aesthetics,Above and beyond
Dark Noise,US,darknoise-US-196,2021-04-12,5,effect: focus / productivity,An essential app
Dark Noise,US,darknoise-US-197,2021-04-10,5,effect: sleep|honesty / fair treatment / respects the user,A great app
Dark Noise,US,darknoise-US-198,2021-03-31,5,variety / catalog size|control / customization|price / value for money,Good variety of sounds
Dark Noise,US,darknoise-US-199,2021-03-19,5,effect: sleep|effect: tinnitus / noise masking|integration (watch / home / desktop / shortcuts),Great for old dogs
Dark Noise,US,darknoise-US-200,2021-03-06,5,effect: focus / productivity|honesty / fair treatment / respects the user|design / UI / aesthetics,Everything you need from a noise app
Dark Noise,US,darknoise-US-201,2021-02-19,5,design / UI / aesthetics,Love this app!
Dark Noise,US,darknoise-US-202,2021-02-18,5,one-time purchase / no subscription,Great; no subscription!
Dark Noise,US,darknoise-US-203,2021-02-16,5,variety / catalog size|control / customization,A wide variety of sounds
Dark Noise,US,darknoise-US-204,2021-02-15,5,,Love this app!
Dark Noise,US,darknoise-US-205,2021-02-14,4,design / UI / aesthetics,Needs more sounds
Dark Noise,US,darknoise-US-206,2021-02-14,5,,peaceful
Dark Noise,US,darknoise-US-207,2021-02-14,5,effect: sleep|variety / catalog size|control / customization|one-time purchase / no subscription|offline / privacy / no account|honesty / fair treatment / respects the user|design / UI / aesthetics|integration (watch / home / desktop / shortcuts)|longevity / daily habit,Best Modern Sleep Noise app!
Dark Noise,US,darknoise-US-208,2021-01-19,4,effect: sleep|effect: anxiety / calm|control / customization,A MUST HAVE FOR POOR SLEEP
Dark Noise,US,darknoise-US-209,2021-01-18,5,design / UI / aesthetics,Great app! Easy to use!
Dark Noise,US,darknoise-US-210,2021-01-05,5,design / UI / aesthetics,Best noise app I’ve ever tried!!!
Dark Noise,US,darknoise-US-211,2020-12-25,5,sound quality / character|science framing,🚨🚨🚨🚨🚨🚨🚨🚨🚨🚨🚨🚨
Dark Noise,US,darknoise-US-212,2020-12-22,5,effect: tinnitus / noise masking|control / customization|design / UI / aesthetics|integration (watch / home / desktop / shortcuts)|longevity / daily habit,Well designed
Dark Noise,US,darknoise-US-215,2020-11-24,5,,Best white noise app
Dark Noise,US,darknoise-US-216,2020-11-23,5,,Great app :)
Dark Noise,US,darknoise-US-217,2020-11-10,5,,Pretty Much Everything
Dark Noise,US,darknoise-US-219,2020-10-18,4,,New update removes sound mixes
Dark Noise,US,darknoise-US-220,2020-10-17,4,sound quality / character|variety / catalog size|design / UI / aesthetics|integration (watch / home / desktop / shortcuts),Beautiful design but disappointing sound
Dark Noise,US,darknoise-US-221,2020-10-13,5,effect: sleep,Always the perfect app for my mood.
Dark Noise,US,darknoise-US-222,2020-10-12,5,effect: sleep|effect: anxiety / calm|price / value for money|honesty / fair treatment / respects the user,Great Premium Noise App
Dark Noise,US,darknoise-US-223,2020-09-24,5,design / UI / aesthetics,Great app & amazing interface
Dark Noise,US,darknoise-US-224,2020-09-21,5,control / customization|design / UI / aesthetics,FINALLY
Dark Noise,US,darknoise-US-226,2020-09-19,5,honesty / fair treatment / respects the user|design / UI / aesthetics,Best ambient noise app
Dark Noise,US,darknoise-US-227,2020-09-06,5,effect: sleep|variety / catalog size|control / customization,Huge variety of sounds
Dark Noise,US,darknoise-US-229,2020-08-22,5,,Excellent App!
Dark Noise,US,darknoise-US-230,2020-08-15,5,design / UI / aesthetics,Attention to Detail
Dark Noise,US,darknoise-US-231,2020-08-14,5,control / customization|design / UI / aesthetics,fantastic design and so useful
Dark Noise,US,darknoise-US-232,2020-08-01,5,,Absolutely perfect!
Dark Noise,US,darknoise-US-233,2020-07-27,4,,Love the app... Possible battery issue
Dark Noise,US,darknoise-US-235,2020-07-20,5,variety / catalog size|one-time purchase / no subscription,"Excellent, and no subscription!"
Dark Noise,US,darknoise-US-236,2020-07-20,5,,You won’t be disappointed
Dark Noise,US,darknoise-US-237,2020-07-20,5,design / UI / aesthetics,The BEST noise app!
Dark Noise,US,darknoise-US-238,2020-07-12,4,,Need more themes
Dark Noise,US,darknoise-US-239,2020-07-02,5,,Beta user during COVID
Dark Noise,US,darknoise-US-240,2020-06-07,5,effect: sleep,MY CHANGED LIFE
Dark Noise,US,darknoise-US-242,2020-04-29,5,effect: sleep|honesty / fair treatment / respects the user,Great sound and Responsive Developer
Dark Noise,US,darknoise-US-243,2020-04-20,5,design / UI / aesthetics,I love this app
Dark Noise,US,darknoise-US-244,2020-04-12,5,control / customization|price / value for money|design / UI / aesthetics,Elegant
Dark Noise,US,darknoise-US-245,2020-04-11,5,,This is the best background noise app
Dark Noise,US,darknoise-US-247,2020-03-17,5,effect: focus / productivity,Stay focused
Dark Noise,US,darknoise-US-248,2020-03-03,4,,"Really nice, but needs multiple simultaneous sounds"
Dark Noise,US,darknoise-US-249,2020-02-14,5,effect: sleep|variety / catalog size|control / customization,Love it!
Dark Noise,US,darknoise-US-251,2020-02-06,5,integration (watch / home / desktop / shortcuts),I love the spaceship engine noise
Dark Noise,US,darknoise-US-252,2020-02-06,5,adaptivity / personalization|design / UI / aesthetics,Perfectly serves its purpose
Dark Noise,US,darknoise-US-253,2020-02-05,5,effect: focus / productivity,Thank You
Dark Noise,US,darknoise-US-254,2020-02-02,5,price / value for money|longevity / daily habit,Pretty much Feature-Complete
Dark Noise,US,darknoise-US-256,2020-01-27,5,effect: sleep|variety / catalog size|design / UI / aesthetics,Great UI!
Dark Noise,US,darknoise-US-257,2020-01-21,5,,Amazing
Dark Noise,US,darknoise-US-258,2020-01-14,5,,Dark mouse
Dark Noise,US,darknoise-US-259,2019-12-23,5,control / customization|design / UI / aesthetics,"Clean interface, but missing key feature"
Dark Noise,US,darknoise-US-260,2019-12-16,5,effect: sleep|design / UI / aesthetics,High Quality App
Dark Noise,US,darknoise-US-261,2019-12-15,5,effect: focus / productivity|control / customization,Killer app for focused work…anywhere
Dark Noise,US,darknoise-US-262,2019-12-13,4,control / customization|design / UI / aesthetics,Amazing App
Dark Noise,US,darknoise-US-263,2019-12-10,5,,Seriously simply and powerful
Dark Noise,US,darknoise-US-264,2019-12-10,5,,Love this app
Dark Noise,US,darknoise-US-265,2019-11-29,5,,Campfire sound is the best
Dark Noise,US,darknoise-US-266,2019-11-17,5,design / UI / aesthetics,Really nice interface
Dark Noise,US,darknoise-US-267,2019-11-16,5,effect: sleep|effect: anxiety / calm,Simply incredible.
Dark Noise,US,darknoise-US-268,2019-11-01,5,design / UI / aesthetics,Simple and easy with great iOS design
Dark Noise,US,darknoise-US-269,2019-10-30,5,control / customization,Loving this app
Dark Noise,US,darknoise-US-270,2019-10-17,5,design / UI / aesthetics,Best
Dark Noise,US,darknoise-US-271,2019-10-16,5,effect: focus / productivity|effect: sleep|honesty / fair treatment / respects the user,Love this app
Dark Noise,US,darknoise-US-272,2019-10-16,5,sound quality / character|control / customization|design / UI / aesthetics,Add stereo/sound mixing and it would be perfect
Dark Noise,US,darknoise-US-273,2019-10-13,5,design / UI / aesthetics,Sublime
Dark Noise,US,darknoise-US-276,2019-10-06,5,design / UI / aesthetics,Simple yet powerful
Dark Noise,US,darknoise-US-277,2019-10-06,5,effect: sleep|integration (watch / home / desktop / shortcuts),Great for sleeping
Dark Noise,US,darknoise-US-278,2019-10-02,5,integration (watch / home / desktop / shortcuts),It’s perfect!
Dark Noise,US,darknoise-US-279,2019-09-24,5,effect: focus / productivity|effect: anxiety / calm|sound quality / character|longevity / daily habit,This app is perfect!
Dark Noise,US,darknoise-US-280,2019-09-20,5,design / UI / aesthetics,"If you want what’re noise, this is the one."
Dark Noise,US,darknoise-US-281,2019-09-19,5,,Loving this
Dark Noise,US,darknoise-US-282,2019-09-19,5,design / UI / aesthetics|integration (watch / home / desktop / shortcuts),Great design and sounds!
Dark Noise,US,darknoise-US-284,2019-09-16,5,,Fantastic
Dark Noise,US,darknoise-US-285,2019-09-15,5,control / customization|integration (watch / home / desktop / shortcuts),"Simple, straight to the point"
Dark Noise,US,darknoise-US-287,2019-09-05,5,design / UI / aesthetics,Definitely a work of passion
Dark Noise,US,darknoise-US-288,2019-09-04,5,control / customization,Real quality sounds
Dark Noise,US,darknoise-US-290,2019-08-31,5,design / UI / aesthetics,"Great app, quality of recordings could be improved."
Dark Noise,US,darknoise-US-291,2019-08-31,5,design / UI / aesthetics,Love it
Dark Noise,US,darknoise-US-292,2019-08-31,5,design / UI / aesthetics,"Gorgeous, wonderful"
Dark Noise,US,darknoise-US-293,2019-08-31,5,control / customization|design / UI / aesthetics,Best White / Dark noise generator!
Dark Noise,US,darknoise-US-294,2019-08-28,5,design / UI / aesthetics,Awesome sound app
Dark Noise,US,darknoise-US-295,2019-08-28,5,control / customization|design / UI / aesthetics,Flawless.
Dark Noise,US,darknoise-US-296,2019-08-28,5,effect: anxiety / calm|price / value for money|one-time purchase / no subscription|design / UI / aesthetics|longevity / daily habit,Simple beautiful and highly functional
Dark Noise,US,darknoise-US-297,2019-08-27,5,honesty / fair treatment / respects the user|design / UI / aesthetics,Delightful
Dark Noise,US,darknoise-US-298,2019-08-27,5,control / customization|design / UI / aesthetics|integration (watch / home / desktop / shortcuts),Beautiful design
Dark Noise,US,darknoise-US-299,2019-08-27,4,effect: sleep|control / customization|integration (watch / home / desktop / shortcuts),Best noise app I’ve found
Dark Noise,US,darknoise-US-300,2019-08-27,5,price / value for money|design / UI / aesthetics,"Incredible, really!"
Dark Noise,US,darknoise-US-301,2019-08-27,5,effect: sleep|effect: anxiety / calm|variety / catalog size|adaptivity / personalization,A Top 10 App
Dark Noise,US,darknoise-US-302,2019-08-27,5,design / UI / aesthetics,So good it should be built in
Dark Noise,US,darknoise-US-303,2019-08-27,5,effect: anxiety / calm|design / UI / aesthetics,Indispensable
Dark Noise,US,darknoise-US-304,2019-08-27,5,design / UI / aesthetics,Elegant white noise app
Dark Noise,DE,darknoise-DE-002,2025-12-04,5,,Good
Dark Noise,DE,darknoise-DE-005,2023-12-14,5,design / UI / aesthetics,The best background noises app
Dark Noise,DE,darknoise-DE-008,2023-04-03,4,design / UI / aesthetics,Almost perfect
Dark Noise,DE,darknoise-DE-009,2022-10-17,5,effect: sleep,Hammer / Awesome
Dark Noise,DE,darknoise-DE-010,2022-07-12,5,effect: focus / productivity|effect: anxiety / calm,Dark Noise helps me concentrate!
Dark Noise,DE,darknoise-DE-012,2021-12-06,5,,Great sounding App!
Dark Noise,DE,darknoise-DE-015,2020-12-22,5,longevity / daily habit,Great
Dark Noise,DE,darknoise-DE-016,2020-12-08,5,effect: anxiety / calm,Brilliant App
Dark Noise,DE,darknoise-DE-021,2019-09-05,5,effect: anxiety / calm|variety / catalog size|price / value for money|design / UI / aesthetics,Best white noise app by far
Endel,US,endel-US-000,2026-08-29,5,effect: sleep,It yes
Endel,US,endel-US-009,2026-08-21,5,effect: focus / productivity|price / value for money|longevity / daily habit,Money Well Spent
Endel,US,endel-US-010,2026-08-21,5,,It works
Endel,US,endel-US-014,2026-08-17,5,effect: anxiety / calm,Choose Endel
Endel,US,endel-US-015,2026-08-16,5,,STOP PUSHING FOR LIFE TIME SUBSCRIPTION
Endel,US,endel-US-017,2026-08-13,5,effect: sleep,Not overhyoed
Endel,US,endel-US-019,2026-08-12,5,honesty / fair treatment / respects the user,Shocked
Endel,US,endel-US-020,2026-08-12,5,effect: tinnitus / noise masking,Amazing
Endel,US,endel-US-021,2026-08-12,5,effect: sleep|science framing,Nothing else but this has worked!
Endel,US,endel-US-026,2026-08-03,5,variety / catalog size|adaptivity / personalization,Scam & Fraud
Endel,US,endel-US-031,2026-07-30,4,,Don’t work
Endel,US,endel-US-036,2026-07-24,5,,Everything I Have ever wanted
Endel,US,endel-US-040,2026-07-20,5,effect: anxiety / calm,Unbelievable
Endel,US,endel-US-044,2026-07-14,4,effect: focus / productivity|effect: sleep,LOVE except for one annoying flaw
Endel,US,endel-US-046,2026-07-09,5,,Ridiculously amazing product.
Endel,US,endel-US-053,2026-07-05,5,effect: focus / productivity|effect: sleep|effect: ADHD / neurodivergent|effect: anxiety / calm|longevity / daily habit,Migraine Brain Helper Too!
Endel,US,endel-US-057,2026-07-03,5,,?????
Endel,US,endel-US-058,2026-07-03,4,,Scam discount price
Endel,US,endel-US-060,2026-07-01,5,sound quality / character|design / UI / aesthetics|science framing|longevity / daily habit,Round of Applause!
Endel,US,endel-US-063,2026-06-29,4,effect: anxiety / calm,Anxiety and panic attacks
Endel,US,endel-US-065,2026-06-29,5,effect: sleep,Sleep
Endel,US,endel-US-067,2026-06-28,5,,Yikes
Endel,US,endel-US-070,2026-06-25,5,effect: focus / productivity|effect: sleep|effect: anxiety / calm|adaptivity / personalization|one-time purchase / no subscription|integration (watch / home / desktop / shortcuts),It just works
Endel,US,endel-US-071,2026-06-23,4,price / value for money,"If only it was cheaper, so everyone could utilize it."
Endel,US,endel-US-072,2026-06-22,5,,The audio automatically stops playing at night.
Endel,US,endel-US-077,2026-06-20,5,effect: ADHD / neurodivergent,Helpful
Endel,US,endel-US-078,2026-06-16,5,effect: focus / productivity|effect: ADHD / neurodivergent,Neurodivergent Sound Bath
Endel,US,endel-US-082,2026-06-14,5,effect: focus / productivity|effect: sleep|effect: anxiety / calm,Great app
Endel,US,endel-US-083,2026-06-14,5,,This really works
Endel,US,endel-US-086,2026-06-13,5,effect: sleep|control / customization|honesty / fair treatment / respects the user,I LOVE IT
Endel,US,endel-US-093,2026-06-10,5,effect: focus / productivity,Favorite Productivity Tool
Endel,US,endel-US-094,2026-06-07,4,,Not entirely what I expected but not bad either
Endel,US,endel-US-095,2026-06-07,5,effect: focus / productivity|effect: anxiety / calm|longevity / daily habit,Great app
Endel,US,endel-US-096,2026-06-05,5,,Thank you
Endel,US,endel-US-098,2026-06-04,5,effect: focus / productivity|effect: sleep,Intelligent sounds
Endel,US,endel-US-100,2026-06-03,5,effect: anxiety / calm,Perfect!
Endel,US,endel-US-102,2026-06-02,5,,Offering of thanks.
Endel,US,endel-US-104,2026-06-02,5,effect: sleep|effect: ADHD / neurodivergent|effect: anxiety / calm|integration (watch / home / desktop / shortcuts),Thank you thank you thank you
Endel,US,endel-US-105,2026-06-02,5,effect: sleep|science framing,↗️➡️↘️Accurate as a Clock!!!
Endel,US,endel-US-106,2026-06-01,5,effect: focus / productivity|effect: ADHD / neurodivergent|longevity / daily habit,I am an advocate.
Endel,US,endel-US-109,2026-05-31,5,effect: sleep|effect: anxiety / calm|integration (watch / home / desktop / shortcuts),Even the dog
Endel,US,endel-US-114,2026-05-29,5,,Love this
Endel,US,endel-US-115,2026-05-27,5,effect: focus / productivity|effect: sleep|effect: ADHD / neurodivergent|effect: anxiety / calm|offline / privacy / no account,Endel continues to soothe and focus my brain
Endel,US,endel-US-116,2026-05-27,5,one-time purchase / no subscription|design / UI / aesthetics,5 MINUTES TO LIFETIME…
Endel,US,endel-US-120,2026-05-26,5,,Horrible
Endel,US,endel-US-122,2026-05-25,5,,The real deal
Endel,US,endel-US-129,2026-05-22,5,effect: focus / productivity|effect: sleep|longevity / daily habit,Incredible
Endel,US,endel-US-139,2026-05-19,5,effect: focus / productivity,You Have My Attention
Endel,US,endel-US-145,2026-05-15,5,effect: sleep|effect: ADHD / neurodivergent,For ADHD. So very helpful!!
Endel,US,endel-US-150,2026-05-13,5,,Marry me Endel
Endel,US,endel-US-151,2026-05-13,4,,Where can you find the song in the add “head up in the clouds” is post
Endel,US,endel-US-155,2026-05-12,5,effect: anxiety / calm,I love this app.
Endel,US,endel-US-157,2026-05-12,5,design / UI / aesthetics,Beautiful
Endel,US,endel-US-158,2026-05-12,4,one-time purchase / no subscription,"No, I don’t want to upgrade!"
Endel,US,endel-US-163,2026-05-08,5,,AMAZING
Endel,US,endel-US-169,2026-05-07,5,effect: focus / productivity|effect: ADHD / neurodivergent|effect: anxiety / calm|one-time purchase / no subscription,Best ADHD Tool
Endel,US,endel-US-170,2026-05-07,5,effect: anxiety / calm|variety / catalog size|longevity / daily habit,An all around package
Endel,US,endel-US-172,2026-05-06,5,effect: focus / productivity|effect: sleep|effect: anxiety / calm,Excellent
Endel,US,endel-US-173,2026-05-05,4,,Cannot load Health or Location Data
Endel,US,endel-US-181,2026-05-03,5,effect: anxiety / calm|longevity / daily habit,A must for me.
Endel,US,endel-US-183,2026-05-03,5,effect: focus / productivity,Never reviewed an app in my life
Endel,US,endel-US-186,2026-05-03,5,one-time purchase / no subscription,Best investment
Endel,US,endel-US-187,2026-05-03,4,,Buggy
Endel,US,endel-US-193,2026-05-01,5,effect: focus / productivity|effect: sleep|effect: anxiety / calm,"Great for sleeping, energy at work and more"
Endel,US,endel-US-194,2026-05-01,5,,Шикарное приложение
Endel,US,endel-US-195,2026-05-01,4,effect: focus / productivity|integration (watch / home / desktop / shortcuts),"More Shortcuts Please, and better focus breaks"
Endel,US,endel-US-200,2026-04-30,4,variety / catalog size,Good for when music is too much
Endel,US,endel-US-201,2026-04-30,5,longevity / daily habit,Please update
Endel,US,endel-US-202,2026-04-29,5,effect: focus / productivity|effect: sleep|effect: ADHD / neurodivergent|effect: anxiety / calm|integration (watch / home / desktop / shortcuts),Can’t sleep or read without it
Endel,US,endel-US-207,2026-04-28,5,,I love this
Endel,US,endel-US-209,2026-04-28,4,effect: focus / productivity|effect: ADHD / neurodivergent|variety / catalog size,ADHD regulator!
Endel,US,endel-US-216,2026-04-24,5,,Wonderful
Endel,US,endel-US-219,2026-04-21,5,effect: ADHD / neurodivergent,Phenomenal
Endel,US,endel-US-222,2026-04-19,5,,Free Plan
Endel,US,endel-US-224,2026-04-17,5,design / UI / aesthetics,Absolutely Wonderful
Endel,US,endel-US-225,2026-04-17,5,effect: focus / productivity|effect: sleep,Very helpful sound
Endel,US,endel-US-235,2026-04-14,5,effect: sleep,I wish I had the money
Endel,US,endel-US-237,2026-04-13,5,integration (watch / home / desktop / shortcuts),This is so good!
Endel,US,endel-US-238,2026-04-11,4,effect: focus / productivity|design / UI / aesthetics|longevity / daily habit,I stopped listening to music
Endel,US,endel-US-243,2026-04-07,5,,Lovely Little App
Endel,US,endel-US-246,2026-04-06,5,effect: focus / productivity|effect: sleep|effect: ADHD / neurodivergent|effect: anxiety / calm|variety / catalog size,A Saving Grace
Endel,US,endel-US-254,2026-04-03,5,effect: focus / productivity|effect: anxiety / calm,Best focus app
Endel,US,endel-US-257,2026-04-02,5,,Best app
Endel,US,endel-US-262,2026-03-30,5,effect: focus / productivity|effect: anxiety / calm,Relaxing
Endel,US,endel-US-265,2026-03-28,5,effect: ADHD / neurodivergent|effect: anxiety / calm|price / value for money,Unexpected Must Have
Endel,US,endel-US-269,2026-03-27,5,,The best
Endel,US,endel-US-272,2026-03-27,5,effect: sleep|integration (watch / home / desktop / shortcuts)|longevity / daily habit,AirPlay now broken
Endel,US,endel-US-273,2026-03-27,5,effect: focus / productivity|effect: sleep|longevity / daily habit,THE BEST — Focus on demand!
Endel,US,endel-US-276,2026-03-26,5,,8D sounds in ads not in app
Endel,US,endel-US-277,2026-03-25,5,effect: focus / productivity,Get’s me through the workday
Endel,US,endel-US-284,2026-03-23,5,effect: ADHD / neurodivergent|control / customization,Love it_1 suggestion/request
Endel,US,endel-US-291,2026-03-22,5,,Sound waves massage my brain
Endel,US,endel-US-297,2026-03-19,5,variety / catalog size|one-time purchase / no subscription,very versatile use
Endel,US,endel-US-298,2026-03-19,5,effect: anxiety / calm,EMS Approved
Endel,DE,endel-DE-006,2026-08-19,4,,Super aber nerviges Up-selling
Endel,DE,endel-DE-008,2026-08-01,5,,5
Endel,DE,endel-DE-014,2026-07-08,4,effect: sleep,Für mich die richtige App
Endel,DE,endel-DE-017,2026-06-26,4,,Werbung nervt
Endel,DE,endel-DE-018,2026-06-21,5,effect: focus / productivity|effect: sleep,Schlafen
Endel,DE,endel-DE-019,2026-06-14,5,,Допомогло
Endel,DE,endel-DE-024,2026-05-26,5,adaptivity / personalization,Super 🤩
Endel,DE,endel-DE-025,2026-05-22,5,effect: focus / productivity|effect: sleep|effect: anxiety / calm,Amazing App!
Endel,DE,endel-DE-026,2026-05-21,4,,8D Odyssee
Endel,DE,endel-DE-027,2026-05-21,5,effect: focus / productivity|control / customization|longevity / daily habit,Arbeit ohne Endel undenkbar
Endel,DE,endel-DE-029,2026-04-30,5,effect: sleep|longevity / daily habit,Einfach perfekt
Endel,DE,endel-DE-035,2026-04-09,5,,Best app ever! (for me)
Endel,DE,endel-DE-038,2026-04-06,5,,Just Amazing!
Endel,DE,endel-DE-045,2026-03-09,5,effect: focus / productivity|effect: anxiety / calm|one-time purchase / no subscription|longevity / daily habit,Just AMAZING
Endel,DE,endel-DE-046,2026-03-06,5,adaptivity / personalization,Sehr gut.
Endel,DE,endel-DE-047,2026-03-06,5,effect: focus / productivity|longevity / daily habit,Länger als 5 Min. konzentrieren nicht drin?
Endel,DE,endel-DE-048,2026-03-05,5,design / UI / aesthetics|integration (watch / home / desktop / shortcuts),⭐️⭐️⭐️⭐️⭐️ Habe lange auf die Mac-Version gewartet
Endel,DE,endel-DE-049,2026-03-05,5,,Finally!
Endel,DE,endel-DE-050,2026-03-01,4,,"Gut, aber…"
Endel,DE,endel-DE-053,2026-02-10,5,effect: sleep|integration (watch / home / desktop / shortcuts),Perfektionierter Schlaf im Schichtdienst
Endel,DE,endel-DE-054,2026-02-09,5,effect: anxiety / calm,Trägt für mich nachweisbar zur Entspannung bei
Endel,DE,endel-DE-056,2026-01-27,5,effect: focus / productivity|effect: sleep|effect: anxiety / calm,Top
Endel,DE,endel-DE-057,2026-01-25,5,effect: anxiety / calm|longevity / daily habit,Großartig!
Endel,DE,endel-DE-060,2025-12-26,5,design / UI / aesthetics,They lost their way…
Endel,DE,endel-DE-067,2025-12-03,5,effect: focus / productivity|effect: anxiety / calm|control / customization|price / value for money|integration (watch / home / desktop / shortcuts),Great App!
Endel,DE,endel-DE-069,2025-11-27,5,,Monatlich oder wöchentlich
Endel,DE,endel-DE-071,2025-11-13,5,effect: anxiety / calm,Update
Endel,DE,endel-DE-073,2025-11-07,5,,Warum
Endel,DE,endel-DE-074,2025-11-05,5,design / UI / aesthetics,It’s such a beautiful app
Endel,DE,endel-DE-076,2025-10-30,5,effect: anxiety / calm|longevity / daily habit,"Studium, Entspannen und Lesen - nie mehr ohne Endel"
Endel,DE,endel-DE-078,2025-10-16,5,,Lieblings-App
Endel,DE,endel-DE-079,2025-10-15,5,integration (watch / home / desktop / shortcuts),Finde ENDEL Richtig klasse!
Endel,DE,endel-DE-081,2025-10-12,5,effect: focus / productivity|effect: sleep|price / value for money,Die beste App für alles rund um Schlaf Bewegung zur Ruhe kommen
Endel,DE,endel-DE-083,2025-10-10,5,,App gut
Endel,DE,endel-DE-085,2025-10-06,5,effect: anxiety / calm,OMG
Endel,DE,endel-DE-086,2025-09-29,5,effect: focus / productivity,The app that makes you feel a main character
Endel,DE,endel-DE-088,2025-09-23,5,,Top…!
Endel,DE,endel-DE-090,2025-09-09,5,effect: focus / productivity|effect: anxiety / calm|variety / catalog size|longevity / daily habit,Will es nicht mehr missen
Endel,DE,endel-DE-093,2025-08-29,5,effect: focus / productivity|effect: anxiety / calm|design / UI / aesthetics,"Tolle App, aber…."
Endel,DE,endel-DE-094,2025-08-23,5,effect: focus / productivity|effect: sleep|longevity / daily habit,Wonderful App
Endel,DE,endel-DE-097,2025-08-13,5,,Für die sich es wert sind
Endel,DE,endel-DE-098,2025-08-11,4,,Sehr angenehmes Erlebnis
Endel,DE,endel-DE-102,2025-08-01,5,honesty / fair treatment / respects the user,Habe ADHS und love it
Endel,DE,endel-DE-103,2025-07-31,5,effect: anxiety / calm|design / UI / aesthetics|integration (watch / home / desktop / shortcuts),"No feed, no scroll. Unwind, relax."
Endel,DE,endel-DE-105,2025-07-28,5,effect: sleep|offline / privacy / no account,Anytime and all Ways..
Endel,DE,endel-DE-107,2025-07-13,5,,Top ich hab’s schon vor Jahren gekauft
Endel,DE,endel-DE-109,2025-07-09,4,effect: sleep|design / UI / aesthetics,Gut aber…
Endel,DE,endel-DE-110,2025-07-09,5,,Free Edition
Endel,DE,endel-DE-112,2025-07-03,4,effect: focus / productivity,Zu viel für mein Handy
Endel,DE,endel-DE-116,2025-06-25,4,effect: focus / productivity,FOCUS nervt mit der Zeit
Endel,DE,endel-DE-119,2025-06-20,5,,Wow
Endel,DE,endel-DE-120,2025-06-20,5,effect: focus / productivity|design / UI / aesthetics,"Fokus, Flow und feiner Sound."
Endel,DE,endel-DE-122,2025-06-15,4,effect: focus / productivity|effect: anxiety / calm,"Great Focus Modes, Background Sounds Could Improve"
Endel,DE,endel-DE-123,2025-06-10,4,effect: ADHD / neurodivergent|effect: tinnitus / noise masking|design / UI / aesthetics,UI is frustrating to navigate
Endel,DE,endel-DE-124,2025-05-16,5,effect: sleep|longevity / daily habit,Enden
Endel,DE,endel-DE-125,2025-05-07,4,honesty / fair treatment / respects the user,Just missing some features
Endel,DE,endel-DE-130,2025-04-21,4,effect: focus / productivity|effect: sleep|design / UI / aesthetics,confusing interface
Endel,DE,endel-DE-132,2025-04-17,4,effect: sleep,Man braucht nicht immer ein Abo
Endel,DE,endel-DE-134,2025-04-14,5,effect: focus / productivity|effect: anxiety / calm,Stressbewältigung
Endel,DE,endel-DE-140,2025-03-26,5,design / UI / aesthetics,Beautiful
Endel,DE,endel-DE-141,2025-03-25,4,effect: focus / productivity,Gut aber abgespeckt
Endel,DE,endel-DE-143,2025-03-18,5,,Beste App
Endel,DE,endel-DE-145,2025-03-08,5,effect: sleep|longevity / daily habit,Jeden Tag in Benutzung
Endel,DE,endel-DE-150,2025-02-26,5,effect: focus / productivity|effect: ADHD / neurodivergent|science framing,Helps a lot when you have adhd
Endel,DE,endel-DE-153,2025-02-21,4,effect: focus / productivity|effect: anxiety / calm|design / UI / aesthetics,Irgendwie doch gut! Bin zurück und habe abonniert
Endel,DE,endel-DE-154,2025-02-21,5,effect: focus / productivity|effect: sleep|effect: anxiety / calm|longevity / daily habit,2025 - aktualisierte Klangwelten
Endel,DE,endel-DE-158,2025-02-14,5,effect: focus / productivity|effect: sleep,Helps me to nap and fall asleep
Endel,DE,endel-DE-159,2025-02-14,4,effect: focus / productivity,DEEPER FOKUS hält was er verspricht
Endel,DE,endel-DE-161,2025-02-10,5,,Just getting better and better
Endel,DE,endel-DE-163,2025-02-01,5,effect: focus / productivity|effect: sleep|longevity / daily habit,Großer Fan
Endel,DE,endel-DE-165,2025-01-30,5,effect: focus / productivity|price / value for money|longevity / daily habit,Worth every penny
Endel,DE,endel-DE-167,2025-01-23,5,design / UI / aesthetics,Loving it!!!
Endel,DE,endel-DE-169,2025-01-16,5,effect: sleep|effect: anxiety / calm,the best
Endel,DE,endel-DE-172,2024-12-18,5,effect: focus / productivity|effect: anxiety / calm,"Entspannt, entstresst und konzentriert wie noch nie :-)"
Endel,DE,endel-DE-174,2024-12-16,5,effect: focus / productivity,Deep Focus
Endel,DE,endel-DE-175,2024-12-12,5,effect: focus / productivity|effect: sleep|effect: anxiety / calm,👍
Endel,DE,endel-DE-176,2024-12-11,5,effect: sleep|effect: anxiety / calm|control / customization,"Ich wusste nicht, dass ich diese App brauchte - nun unverzichtbar"
Endel,DE,endel-DE-179,2024-11-29,4,,Too many intro screens
Endel,DE,endel-DE-180,2024-11-27,4,,Good app with a little issue for me
Endel,DE,endel-DE-181,2024-11-24,5,effect: focus / productivity|effect: sleep,Kann es nur empfehlen!
Endel,DE,endel-DE-185,2024-11-08,5,effect: ADHD / neurodivergent,Life changer for ADHD“ers
Endel,DE,endel-DE-186,2024-11-03,5,effect: anxiety / calm,Wow
Endel,DE,endel-DE-189,2024-10-19,5,effect: focus / productivity|effect: sleep|effect: anxiety / calm|adaptivity / personalization,Ein wirklich gelungenes Programm
Endel,DE,endel-DE-190,2024-10-13,5,integration (watch / home / desktop / shortcuts),Ich liebs ABER
Endel,DE,endel-DE-193,2024-09-22,5,,Endel in der Endlosschleife !
Endel,DE,endel-DE-194,2024-09-19,5,design / UI / aesthetics|science framing,Top
Endel,DE,endel-DE-196,2024-09-12,5,effect: sleep|control / customization|design / UI / aesthetics,Jetzt geht was!
Endel,DE,endel-DE-198,2024-09-09,5,effect: sleep|effect: anxiety / calm|longevity / daily habit,Hilft mir auch bei meiner bipolaren Störung!
Endel,DE,endel-DE-199,2024-09-08,5,effect: sleep|longevity / daily habit,"Helps, but"
Endel,DE,endel-DE-209,2024-08-07,4,,Great app with some flaws
Endel,DE,endel-DE-210,2024-08-01,5,effect: focus / productivity|design / UI / aesthetics,Unbelievable
Endel,DE,endel-DE-216,2024-06-12,5,effect: focus / productivity|effect: tinnitus / noise masking,Danke!
Endel,DE,endel-DE-217,2024-06-05,5,effect: anxiety / calm|effect: tinnitus / noise masking|longevity / daily habit,Unverzichtbar für Stress geplagte…
Endel,DE,endel-DE-218,2024-05-29,4,,Smart Alarm
Endel,DE,endel-DE-219,2024-05-28,5,effect: sleep,"Liebe es, aber wo ist der Flugzeug - Modus?"
Endel,DE,endel-DE-220,2024-05-27,5,effect: sleep|sound quality / character,Very nice app for cool seamless white noise
Endel,DE,endel-DE-222,2024-04-20,5,effect: anxiety / calm|honesty / fair treatment / respects the user,Happy and calm
Endel,DE,endel-DE-226,2024-03-02,5,effect: anxiety / calm,Hilfreich aber manchmal verwirrend
Endel,DE,endel-DE-228,2024-02-12,5,effect: sleep,meine eigene meinung‼️
Endel,DE,endel-DE-230,2024-01-25,4,,Rabatt für Studenten in Germany? JA
Endel,DE,endel-DE-231,2024-01-18,5,,"Jahrelange Kopfschmerzen sind weg, ich habe geweint!"
Endel,DE,endel-DE-232,2023-12-29,5,,Works extremely good
Endel,DE,endel-DE-234,2023-12-07,5,effect: focus / productivity|effect: sleep|longevity / daily habit,Game changer
Endel,DE,endel-DE-242,2023-10-30,5,effect: focus / productivity,Es hilft so sehr!
Endel,DE,endel-DE-243,2023-10-25,5,integration (watch / home / desktop / shortcuts),Love!!!
Endel,DE,endel-DE-244,2023-10-22,5,effect: sleep|effect: anxiety / calm|variety / catalog size|control / customization|integration (watch / home / desktop / shortcuts),Endel macht Lust auf mehr!
Endel,DE,endel-DE-250,2023-10-02,4,one-time purchase / no subscription,Komische Abrechnung trotz Lifetimesubscription
Endel,DE,endel-DE-252,2023-09-30,4,effect: focus / productivity|sound quality / character|science framing,Super App! nur eine Sache fehlt
Endel,DE,endel-DE-253,2023-09-26,5,,Def
Endel,DE,endel-DE-256,2023-07-21,4,,Wird immer besser...
Endel,DE,endel-DE-258,2023-07-11,4,effect: focus / productivity,Great focus music
Endel,DE,endel-DE-260,2023-07-06,5,effect: focus / productivity|effect: sleep|control / customization,Für ADHSler super!
Endel,DE,endel-DE-261,2023-06-25,5,effect: focus / productivity,Wird immer besser
Endel,DE,endel-DE-263,2023-06-05,5,,Endel Beste
Endel,DE,endel-DE-268,2023-05-03,5,effect: focus / productivity|effect: sleep|design / UI / aesthetics,"Wunderbare App, eigentlich…."
Endel,DE,endel-DE-271,2023-03-27,5,design / UI / aesthetics,Nature elements
Endel,DE,endel-DE-272,2023-03-26,5,,In love
Endel,DE,endel-DE-277,2023-02-11,4,effect: focus / productivity|effect: sleep|effect: anxiety / calm|integration (watch / home / desktop / shortcuts),Sehr gute App!
Endel,DE,endel-DE-278,2023-02-10,5,integration (watch / home / desktop / shortcuts),"Apple Watch, nun wieder mit Funktion, danke"
Endel,DE,endel-DE-279,2023-02-06,5,,Wirklich großartig
Endel,DE,endel-DE-280,2023-02-05,5,integration (watch / home / desktop / shortcuts),Toll gemachte App mit kleiner Einschränkung
Endel,DE,endel-DE-281,2023-02-01,5,effect: sleep|effect: anxiety / calm|design / UI / aesthetics,Wirklich super!
Endel,DE,endel-DE-282,2023-01-09,5,,Top!👌🏻
Endel,DE,endel-DE-285,2022-12-25,4,effect: sleep|effect: tinnitus / noise masking|longevity / daily habit,"Super, aber noch einen Wunsch"
Endel,DE,endel-DE-289,2022-12-07,5,effect: sleep,Better sleeping
Endel,DE,endel-DE-292,2022-12-06,4,,Gratis 14 Tage
Endel,DE,endel-DE-294,2022-11-22,5,longevity / daily habit,Ein Gewinn für die Achtsamkeit
Endel,DE,endel-DE-295,2022-11-16,4,effect: anxiety / calm,Entspannt
Endel,DE,endel-DE-296,2022-11-15,5,effect: focus / productivity|effect: sleep|effect: anxiety / calm|longevity / daily habit,Helps to stay calm and collected
Brain.fm,US,brainfm-US-001,2026-08-25,5,effect: focus / productivity,Changing lives
Brain.fm,US,brainfm-US-002,2026-08-23,5,effect: focus / productivity,My essentials.
Brain.fm,US,brainfm-US-003,2026-08-21,5,effect: focus / productivity|effect: sleep|honesty / fair treatment / respects the user|design / UI / aesthetics|science framing,Great
Brain.fm,US,brainfm-US-006,2026-08-17,5,,Optimal performance
Brain.fm,US,brainfm-US-007,2026-08-17,5,effect: focus / productivity|effect: sleep|honesty / fair treatment / respects the user|science framing,A Game Changer for Studying
Brain.fm,US,brainfm-US-008,2026-08-13,5,effect: sleep|longevity / daily habit,Amazing app
Brain.fm,US,brainfm-US-009,2026-08-09,5,effect: focus / productivity|design / UI / aesthetics,This app is awesome !
Brain.fm,US,brainfm-US-010,2026-08-09,5,effect: focus / productivity|sound quality / character|science framing,Wonderful to match the task
Brain.fm,US,brainfm-US-011,2026-08-07,5,,School and chill
Brain.fm,US,brainfm-US-014,2026-08-02,4,,It delivers
Brain.fm,US,brainfm-US-015,2026-08-01,5,effect: focus / productivity|effect: sleep|effect: ADHD / neurodivergent|effect: anxiety / calm|price / value for money,I have ADHD. Worth every penny
Brain.fm,US,brainfm-US-017,2026-07-24,5,effect: focus / productivity|effect: sleep,Pure Gold!
Brain.fm,US,brainfm-US-018,2026-07-22,5,effect: focus / productivity|effect: sleep|effect: anxiety / calm|price / value for money,Worth it
Brain.fm,US,brainfm-US-019,2026-07-22,5,effect: focus / productivity|effect: sleep|effect: ADHD / neurodivergent|effect: anxiety / calm|longevity / daily habit,My brain needs Brain.fm daily to focus
Brain.fm,US,brainfm-US-021,2026-07-19,5,effect: sleep|price / value for money,Worth the cost
Brain.fm,US,brainfm-US-022,2026-07-17,4,,So close!
Brain.fm,US,brainfm-US-023,2026-07-15,5,effect: focus / productivity|effect: ADHD / neurodivergent,MUST HAVR
Brain.fm,US,brainfm-US-024,2026-07-15,5,effect: ADHD / neurodivergent,Love this
Brain.fm,US,brainfm-US-027,2026-07-10,5,effect: focus / productivity,Great company and product
Brain.fm,US,brainfm-US-028,2026-07-09,5,price / value for money,Worth the hype
Brain.fm,US,brainfm-US-030,2026-07-07,5,effect: focus / productivity|effect: anxiety / calm|price / value for money,Great study tool
Brain.fm,US,brainfm-US-032,2026-06-29,5,effect: sleep|sound quality / character|science framing|longevity / daily habit,Returning User
Brain.fm,US,brainfm-US-033,2026-06-26,5,design / UI / aesthetics|longevity / daily habit,My go-to study tool
Brain.fm,US,brainfm-US-034,2026-06-26,4,effect: focus / productivity,Works but gets playback error
Brain.fm,US,brainfm-US-035,2026-06-18,5,,|  insane buff
Brain.fm,US,brainfm-US-036,2026-06-15,5,effect: focus / productivity|effect: ADHD / neurodivergent|variety / catalog size|control / customization|longevity / daily habit,Super Helpful
Brain.fm,US,brainfm-US-037,2026-06-14,4,variety / catalog size,The paywalls
Brain.fm,US,brainfm-US-039,2026-06-07,5,effect: focus / productivity,Genuinely helps
Brain.fm,US,brainfm-US-040,2026-06-06,5,honesty / fair treatment / respects the user,Pretty great!
Brain.fm,US,brainfm-US-041,2026-06-05,5,effect: anxiety / calm,Don’t think I need Apple Music
Brain.fm,US,brainfm-US-044,2026-05-28,5,effect: focus / productivity|effect: sleep|effect: anxiety / calm,Better sleep and focus
Brain.fm,US,brainfm-US-046,2026-05-27,5,effect: focus / productivity|effect: sleep,Your Go-to for both Deep Focus and Napping!
Brain.fm,US,brainfm-US-049,2026-05-17,5,effect: sleep|science framing,Wayyyy better sleep!
Brain.fm,US,brainfm-US-050,2026-05-15,5,variety / catalog size|longevity / daily habit,EXCEPTIONAL
Brain.fm,US,brainfm-US-051,2026-05-15,5,effect: focus / productivity|effect: sleep|longevity / daily habit,Best App for Achieving real flow state
Brain.fm,US,brainfm-US-052,2026-05-12,5,,So nice
Brain.fm,US,brainfm-US-053,2026-05-11,5,effect: focus / productivity|effect: sleep|longevity / daily habit,The Ideal Work Buddy
Brain.fm,US,brainfm-US-055,2026-05-07,5,effect: sleep|effect: ADHD / neurodivergent|variety / catalog size|control / customization,ADHD Magic
Brain.fm,US,brainfm-US-056,2026-05-05,5,effect: focus / productivity,Focus 10/10
Brain.fm,US,brainfm-US-057,2026-05-05,4,offline / privacy / no account|science framing|longevity / daily habit,Offline needed
Brain.fm,US,brainfm-US-061,2026-04-29,5,effect: focus / productivity|effect: anxiety / calm,This helps!
Brain.fm,US,brainfm-US-063,2026-04-13,5,,Great app
Brain.fm,US,brainfm-US-064,2026-04-11,5,effect: focus / productivity,Best focus audio app
Brain.fm,US,brainfm-US-066,2026-04-05,5,effect: sleep|effect: anxiety / calm,Best sleep sounds
Brain.fm,US,brainfm-US-067,2026-04-01,5,effect: ADHD / neurodivergent,What I needed!
Brain.fm,US,brainfm-US-068,2026-03-26,5,effect: focus / productivity|effect: ADHD / neurodivergent|variety / catalog size,Definitely helps my ADHD focus issues at least a bit!
Brain.fm,US,brainfm-US-069,2026-03-26,5,design / UI / aesthetics|longevity / daily habit,A Simple Review
Brain.fm,US,brainfm-US-072,2026-03-24,5,effect: focus / productivity|effect: sleep|effect: ADHD / neurodivergent|effect: anxiety / calm|longevity / daily habit,I have ADHD and I use it daily!
Brain.fm,US,brainfm-US-073,2026-03-23,5,effect: focus / productivity|effect: sleep|effect: ADHD / neurodivergent|effect: anxiety / calm|variety / catalog size,Life-changing!!
Brain.fm,US,brainfm-US-074,2026-03-22,5,effect: focus / productivity,The only thing that can keep me focused and on task
Brain.fm,US,brainfm-US-076,2026-03-20,5,,It works
Brain.fm,US,brainfm-US-081,2026-03-10,5,effect: focus / productivity,Helpful and new way for me to be able to focus in doing my work that n
Brain.fm,US,brainfm-US-083,2026-03-07,5,,Lifesaver
Brain.fm,US,brainfm-US-084,2026-03-07,5,effect: focus / productivity|effect: sleep|price / value for money,Amazing!
Brain.fm,US,brainfm-US-085,2026-03-06,5,effect: focus / productivity|effect: ADHD / neurodivergent,Great for anyone with ADHD
Brain.fm,US,brainfm-US-087,2026-03-05,5,,Attention span short?
Brain.fm,US,brainfm-US-090,2026-02-23,5,effect: focus / productivity|effect: ADHD / neurodivergent|price / value for money,Pleasantly Suprised!
Brain.fm,US,brainfm-US-091,2026-02-20,5,,I Never review apps lol
Brain.fm,US,brainfm-US-094,2026-02-17,5,effect: focus / productivity|effect: sleep,Game changer
Brain.fm,US,brainfm-US-095,2026-02-16,5,effect: focus / productivity|effect: sleep|effect: ADHD / neurodivergent|effect: anxiety / calm,Love brain
Brain.fm,US,brainfm-US-096,2026-02-15,5,effect: ADHD / neurodivergent,Try it!! Expensive but more than makes up for it in saved time!
Brain.fm,US,brainfm-US-098,2026-02-13,5,effect: focus / productivity,Awesome discovery!
Brain.fm,US,brainfm-US-099,2026-02-13,5,effect: focus / productivity,It works
Brain.fm,US,brainfm-US-104,2026-02-04,4,effect: focus / productivity,Really? Pay to focus?
Brain.fm,US,brainfm-US-106,2026-02-02,5,price / value for money|longevity / daily habit,WORTH IT!!
Brain.fm,US,brainfm-US-107,2026-01-27,5,effect: focus / productivity,Tune out the noise - perfect for a working professional
Brain.fm,US,brainfm-US-108,2026-01-26,5,effect: focus / productivity|effect: anxiety / calm|integration (watch / home / desktop / shortcuts),"Works great, but missing an Apple Watch app"
Brain.fm,US,brainfm-US-111,2026-01-21,5,effect: focus / productivity,Incredible!
Brain.fm,US,brainfm-US-112,2026-01-19,5,effect: focus / productivity|effect: ADHD / neurodivergent|sound quality / character|science framing|longevity / daily habit,It works
Brain.fm,US,brainfm-US-114,2026-01-18,5,price / value for money,Worth it
Brain.fm,US,brainfm-US-115,2026-01-14,5,effect: focus / productivity,Amazing - Even My Manager Noticed a Change
Brain.fm,US,brainfm-US-117,2026-01-11,5,effect: focus / productivity|effect: ADHD / neurodivergent,This app helped quicker than I thought
Brain.fm,US,brainfm-US-118,2026-01-10,5,effect: focus / productivity|science framing|longevity / daily habit,It works. 👍🏼
Brain.fm,US,brainfm-US-119,2026-01-08,5,effect: sleep,HRV recovery
Brain.fm,US,brainfm-US-120,2026-01-06,5,effect: sleep|honesty / fair treatment / respects the user|science framing|longevity / daily habit,Really Helpful
Brain.fm,US,brainfm-US-121,2026-01-06,5,effect: focus / productivity|effect: anxiety / calm,Great App
Brain.fm,US,brainfm-US-122,2025-12-24,5,effect: focus / productivity|variety / catalog size|honesty / fair treatment / respects the user|longevity / daily habit,It works!
Brain.fm,US,brainfm-US-123,2025-12-22,5,effect: focus / productivity|effect: sleep|effect: anxiety / calm,Focus is so much better
Brain.fm,US,brainfm-US-124,2025-12-19,5,effect: sleep|effect: anxiety / calm|longevity / daily habit,110-week streak
Brain.fm,US,brainfm-US-126,2025-12-12,5,effect: focus / productivity|effect: sleep,Focus and Sleep
Brain.fm,US,brainfm-US-127,2025-12-11,5,effect: focus / productivity|effect: ADHD / neurodivergent,THIS APP IS LITERAL MAGIC
Brain.fm,US,brainfm-US-129,2025-12-07,5,effect: focus / productivity|effect: sleep|effect: anxiety / calm|longevity / daily habit,Perfect multi use app
Brain.fm,US,brainfm-US-130,2025-11-30,5,effect: ADHD / neurodivergent|effect: anxiety / calm,This really works!
Brain.fm,US,brainfm-US-131,2025-11-29,5,,Works
Brain.fm,US,brainfm-US-132,2025-11-24,5,effect: ADHD / neurodivergent|integration (watch / home / desktop / shortcuts),We need the Apple Watch app
Brain.fm,US,brainfm-US-133,2025-11-24,5,effect: focus / productivity,Serious focus
Brain.fm,US,brainfm-US-134,2025-11-21,5,effect: focus / productivity|price / value for money,Worth it!!
Brain.fm,US,brainfm-US-135,2025-11-12,4,effect: focus / productivity|offline / privacy / no account|longevity / daily habit,"Consistent playback issues, but still love it"
Brain.fm,US,brainfm-US-138,2025-11-05,5,effect: focus / productivity|effect: anxiety / calm,It has helped me so much
Brain.fm,US,brainfm-US-139,2025-11-02,5,effect: focus / productivity,Great little focus music app
Brain.fm,US,brainfm-US-140,2025-10-29,5,effect: focus / productivity,Really helps me focus
Brain.fm,US,brainfm-US-142,2025-10-27,5,effect: focus / productivity,Data proven focus music
Brain.fm,US,brainfm-US-143,2025-10-23,4,effect: focus / productivity|effect: sleep|effect: anxiety / calm|control / customization,Best focus music there is
Brain.fm,US,brainfm-US-144,2025-10-22,5,effect: focus / productivity|effect: sleep|effect: ADHD / neurodivergent,STUDYING FOR HOURS!
Brain.fm,US,brainfm-US-146,2025-10-14,5,effect: ADHD / neurodivergent|price / value for money,Worth it!
Brain.fm,US,brainfm-US-147,2025-10-13,5,effect: anxiety / calm,Brain.fm is better than any other music.
Brain.fm,US,brainfm-US-148,2025-10-10,5,effect: focus / productivity|price / value for money,i would date this app
Brain.fm,US,brainfm-US-150,2025-10-08,5,effect: focus / productivity|effect: sleep|effect: anxiety / calm,Yep. It works.
Brain.fm,US,brainfm-US-151,2025-10-06,5,effect: focus / productivity,Indispensable
Brain.fm,US,brainfm-US-152,2025-10-03,5,effect: focus / productivity|sound quality / character|science framing,Love it
Brain.fm,US,brainfm-US-153,2025-10-03,5,effect: focus / productivity|effect: sleep|effect: anxiety / calm|variety / catalog size|longevity / daily habit,"Focus, Relax, or Sleep. Brain.fm Does It All"
Brain.fm,US,brainfm-US-154,2025-10-01,5,,Smooth W/ It
Brain.fm,US,brainfm-US-155,2025-09-30,5,effect: focus / productivity,Good for focus!
Brain.fm,US,brainfm-US-156,2025-09-26,5,effect: sleep|effect: ADHD / neurodivergent,LETS GOOOOO
Brain.fm,US,brainfm-US-159,2025-09-23,4,effect: focus / productivity|effect: sleep,Awesome App
Brain.fm,US,brainfm-US-162,2025-09-20,5,,I Love This App
Brain.fm,US,brainfm-US-163,2025-09-19,5,effect: focus / productivity|sound quality / character|control / customization|price / value for money|design / UI / aesthetics|science framing|longevity / daily habit,Hesitant at first. Use it every day now.
Brain.fm,US,brainfm-US-168,2025-09-10,5,effect: focus / productivity|longevity / daily habit|effect: ADHD / neurodivergent,ADD Focus - 8 Week Streak
Brain.fm,US,brainfm-US-169,2025-09-09,5,effect: focus / productivity|price / value for money|honesty / fair treatment / respects the user|science framing,Never Rated an App Before
Brain.fm,US,brainfm-US-171,2025-09-06,5,effect: focus / productivity|effect: ADHD / neurodivergent,State of Mind
Brain.fm,US,brainfm-US-172,2025-08-19,5,effect: focus / productivity|effect: ADHD / neurodivergent,THIS IS THE BEST FOR FOCUSING!!
Brain.fm,US,brainfm-US-173,2025-08-17,5,effect: focus / productivity|longevity / daily habit,Amazing
Brain.fm,US,brainfm-US-174,2025-08-03,4,effect: focus / productivity|effect: ADHD / neurodivergent|adaptivity / personalization,NOT FOR ALERT JOBS and maladaptive daydreamers
Brain.fm,US,brainfm-US-175,2025-08-01,5,effect: focus / productivity|effect: sleep|effect: ADHD / neurodivergent,Amazing and Helps with my difficulties with focusing
Brain.fm,US,brainfm-US-176,2025-07-31,5,effect: focus / productivity|effect: sleep|effect: ADHD / neurodivergent|effect: anxiety / calm,Helps my ADHD and PTSD symptoms.
Brain.fm,US,brainfm-US-177,2025-07-25,5,,Suggestion for the Dev
Brain.fm,US,brainfm-US-180,2025-07-14,5,,Life
Brain.fm,US,brainfm-US-182,2025-07-10,5,effect: sleep|honesty / fair treatment / respects the user,"No ads, just awesomeness"
Brain.fm,US,brainfm-US-183,2025-07-10,5,effect: focus / productivity|effect: sleep|longevity / daily habit,Sleep & Focus Improvement
Brain.fm,US,brainfm-US-185,2025-07-01,5,effect: focus / productivity|effect: ADHD / neurodivergent|effect: anxiety / calm|variety / catalog size,So good for ADHD focus
Brain.fm,US,brainfm-US-187,2025-06-23,5,,Absolutely….
Brain.fm,US,brainfm-US-190,2025-06-18,5,effect: focus / productivity|effect: sleep|price / value for money,Worth it!
Brain.fm,US,brainfm-US-192,2025-06-09,4,effect: focus / productivity,Perfect except…
Brain.fm,US,brainfm-US-193,2025-06-05,5,effect: focus / productivity|price / value for money,Absolutely worth it
Brain.fm,US,brainfm-US-194,2025-05-31,5,effect: focus / productivity|effect: ADHD / neurodivergent|effect: anxiety / calm,Very helpful for ADHD focus
Brain.fm,US,brainfm-US-199,2025-05-25,5,effect: focus / productivity,At first I didn’t believe it.
Brain.fm,US,brainfm-US-200,2025-05-24,5,longevity / daily habit,Thank you
Brain.fm,US,brainfm-US-201,2025-05-22,5,effect: focus / productivity|effect: ADHD / neurodivergent,Focus Game Changer
Brain.fm,US,brainfm-US-203,2025-05-16,4,effect: focus / productivity,Love it for focus
Brain.fm,US,brainfm-US-204,2025-05-13,5,effect: focus / productivity,"""Does it work?"" Yes!"
Brain.fm,US,brainfm-US-206,2025-05-12,5,effect: focus / productivity|effect: ADHD / neurodivergent,ADD or ADHD: Get this App
Brain.fm,US,brainfm-US-210,2025-04-18,5,effect: focus / productivity|effect: ADHD / neurodivergent,"If you have ADHD, immediately download this app"
Brain.fm,US,brainfm-US-211,2025-04-10,5,longevity / daily habit,Best app ever. Nothing compares
Brain.fm,US,brainfm-US-212,2025-04-04,5,effect: focus / productivity|effect: sleep|science framing,THE BEST APP FOR FOCUS!!!!!!!
Brain.fm,US,brainfm-US-213,2025-04-04,5,variety / catalog size,Beyond Impressed!!
Brain.fm,US,brainfm-US-214,2025-04-01,5,integration (watch / home / desktop / shortcuts),Desktop App?
Brain.fm,US,brainfm-US-217,2025-03-22,5,effect: focus / productivity|design / UI / aesthetics,Love it!
Brain.fm,US,brainfm-US-218,2025-03-17,5,effect: sleep|effect: anxiety / calm|honesty / fair treatment / respects the user|science framing|longevity / daily habit,I use this app every day.
Brain.fm,US,brainfm-US-219,2025-03-15,5,effect: focus / productivity|adaptivity / personalization,A difference!
Brain.fm,US,brainfm-US-220,2025-03-14,4,effect: focus / productivity|effect: sleep|price / value for money|one-time purchase / no subscription,Helpful sometimes but not worth the cost
Brain.fm,US,brainfm-US-221,2025-03-13,5,effect: focus / productivity|effect: anxiety / calm,Soothing
Brain.fm,US,brainfm-US-222,2025-03-09,5,effect: focus / productivity,Focus
Brain.fm,US,brainfm-US-225,2025-03-05,5,effect: focus / productivity,‏Brain.fm is truly a game-changer!
Brain.fm,US,brainfm-US-227,2025-02-26,5,longevity / daily habit,Great application
Brain.fm,US,brainfm-US-228,2025-02-22,5,effect: focus / productivity,I thought it was fake
Brain.fm,US,brainfm-US-230,2025-02-17,4,effect: focus / productivity|effect: sleep|effect: ADHD / neurodivergent,Mostly love
Brain.fm,US,brainfm-US-231,2025-02-14,5,effect: focus / productivity|effect: sleep|variety / catalog size,It’s one of the single most important productivity tools I use
Brain.fm,US,brainfm-US-232,2025-02-11,5,effect: focus / productivity|effect: sleep|effect: ADHD / neurodivergent|price / value for money|longevity / daily habit,Excellent Tool For Focus
Brain.fm,US,brainfm-US-233,2025-02-10,5,effect: focus / productivity|effect: sleep|effect: anxiety / calm,46 weeks straight!
Brain.fm,US,brainfm-US-234,2025-02-10,5,,Essential
Brain.fm,US,brainfm-US-235,2025-02-02,5,effect: focus / productivity|effect: sleep|integration (watch / home / desktop / shortcuts),Seems to work great
Brain.fm,US,brainfm-US-236,2025-01-28,5,effect: focus / productivity|effect: anxiety / calm,So helpful
Brain.fm,US,brainfm-US-237,2025-01-25,5,effect: sleep|effect: anxiety / calm,I use this alot
Brain.fm,US,brainfm-US-238,2025-01-24,5,effect: focus / productivity|effect: sleep,Everything  and more
Brain.fm,US,brainfm-US-241,2025-01-21,5,effect: focus / productivity|effect: sleep|sound quality / character|price / value for money|science framing|integration (watch / home / desktop / shortcuts),It works
Brain.fm,US,brainfm-US-242,2025-01-16,5,,Lifessential
Brain.fm,US,brainfm-US-243,2025-01-15,5,effect: focus / productivity|effect: ADHD / neurodivergent|variety / catalog size,Game Changer for ADHD
Brain.fm,US,brainfm-US-244,2025-01-13,5,effect: focus / productivity|effect: anxiety / calm|sound quality / character|science framing,Great for meditation and deep focus
Brain.fm,US,brainfm-US-245,2025-01-12,5,effect: focus / productivity|price / value for money|honesty / fair treatment / respects the user,Brain fm review
Brain.fm,US,brainfm-US-246,2025-01-08,5,,Helps me work
Brain.fm,US,brainfm-US-248,2025-01-06,5,effect: focus / productivity,Masterful Melody
Brain.fm,US,brainfm-US-249,2025-01-04,5,effect: focus / productivity,Love this!
Brain.fm,US,brainfm-US-250,2025-01-02,5,,Submitted in Error
Brain.fm,US,brainfm-US-251,2024-12-25,5,effect: focus / productivity|effect: sleep|effect: anxiety / calm,Try it. Just try it.
Brain.fm,US,brainfm-US-253,2024-12-19,5,effect: focus / productivity,Love this app
Brain.fm,US,brainfm-US-254,2024-12-16,5,effect: focus / productivity,Can’t stop listening
Brain.fm,US,brainfm-US-255,2024-12-06,5,honesty / fair treatment / respects the user,Surprisingly effective
Brain.fm,US,brainfm-US-256,2024-12-03,4,adaptivity / personalization,Good so far
Brain.fm,US,brainfm-US-257,2024-12-03,5,effect: focus / productivity|effect: sleep,Huge fan and believer in this type of music
Brain.fm,US,brainfm-US-258,2024-11-30,5,,So helpful
Brain.fm,US,brainfm-US-259,2024-11-29,5,effect: focus / productivity|effect: sleep|effect: anxiety / calm,"one of the best apps, possibly only one i’d pay for"
Brain.fm,US,brainfm-US-261,2024-11-24,4,effect: sleep|design / UI / aesthetics,Good app
Brain.fm,US,brainfm-US-262,2024-11-23,5,effect: focus / productivity|effect: sleep,Better than coffee!
Brain.fm,US,brainfm-US-263,2024-11-18,5,effect: focus / productivity,Definitely helps
Brain.fm,US,brainfm-US-264,2024-11-17,5,effect: focus / productivity,I needed this
Brain.fm,US,brainfm-US-265,2024-11-10,5,effect: focus / productivity|effect: anxiety / calm,Great app
Brain.fm,US,brainfm-US-266,2024-11-09,5,price / value for money|design / UI / aesthetics,Worth it!
Brain.fm,US,brainfm-US-267,2024-11-02,5,effect: focus / productivity,Helped me a lot!
Brain.fm,US,brainfm-US-269,2024-10-29,5,,Flow
Brain.fm,US,brainfm-US-271,2024-10-23,5,effect: focus / productivity|effect: anxiety / calm|effect: ADHD / neurodivergent,Productivity and calmness ahead.
Brain.fm,US,brainfm-US-272,2024-10-16,4,effect: focus / productivity,Great for work and to wind down
Brain.fm,US,brainfm-US-273,2024-10-15,5,design / UI / aesthetics,"Minimalistic, Efficient, Non-Secular"
Brain.fm,US,brainfm-US-274,2024-10-13,5,effect: focus / productivity|effect: ADHD / neurodivergent|adaptivity / personalization,Life changing for anyone with ADHD.
Brain.fm,US,brainfm-US-275,2024-10-03,5,effect: ADHD / neurodivergent|variety / catalog size|control / customization|science framing|longevity / daily habit,Might be thanking them in my dissertation
Brain.fm,US,brainfm-US-277,2024-09-28,5,effect: focus / productivity|effect: anxiety / calm,Very suprised
Brain.fm,US,brainfm-US-278,2024-09-26,5,effect: sleep|effect: anxiety / calm,Great app
Brain.fm,US,brainfm-US-280,2024-09-19,5,effect: focus / productivity|effect: anxiety / calm,It really works!
Brain.fm,US,brainfm-US-281,2024-09-14,5,effect: ADHD / neurodivergent|variety / catalog size,How do they do it!?
Brain.fm,US,brainfm-US-283,2024-09-01,4,effect: focus / productivity|effect: sleep|integration (watch / home / desktop / shortcuts),Great content but app is lacking
Brain.fm,US,brainfm-US-284,2024-08-29,5,effect: focus / productivity|effect: sleep|effect: anxiety / calm,Night and day
Brain.fm,US,brainfm-US-285,2024-08-28,5,effect: focus / productivity|effect: ADHD / neurodivergent,ADHD Godsend
Brain.fm,US,brainfm-US-286,2024-08-18,4,,Guessing it’s useful
Brain.fm,US,brainfm-US-287,2024-08-14,5,effect: focus / productivity|effect: sleep|effect: ADHD / neurodivergent|effect: anxiety / calm|variety / catalog size|control / customization,DOWNLOAD NOW
Brain.fm,US,brainfm-US-288,2024-08-12,5,effect: focus / productivity|effect: sleep|effect: ADHD / neurodivergent|effect: anxiety / calm,Can’t live with out it
Brain.fm,US,brainfm-US-290,2024-08-02,5,effect: focus / productivity|effect: sleep|effect: anxiety / calm|science framing,🌟 Brain.fm: Your Ultimate Focus Buddy! 🌟
Brain.fm,US,brainfm-US-291,2024-07-25,5,longevity / daily habit,My Go To for 1+ Year
Brain.fm,US,brainfm-US-292,2024-07-24,5,effect: focus / productivity|effect: sleep|effect: anxiety / calm|variety / catalog size|science framing,Better than
Brain.fm,US,brainfm-US-293,2024-07-17,5,effect: focus / productivity|effect: ADHD / neurodivergent|effect: anxiety / calm|control / customization|price / value for money,Essential
Brain.fm,US,brainfm-US-295,2024-07-17,5,effect: focus / productivity,VERYYYY GOOD !
Brain.fm,US,brainfm-US-298,2024-06-26,5,effect: focus / productivity|effect: sleep|longevity / daily habit,Amazing. Simply amazing.
Brain.fm,US,brainfm-US-299,2024-06-21,5,,Very good
Brain.fm,DE,brainfm-DE-001,2026-07-28,5,effect: focus / productivity,Super zum Arbeiten!
Brain.fm,DE,brainfm-DE-004,2026-06-12,5,effect: sleep|effect: anxiety / calm,Works
Brain.fm,DE,brainfm-DE-006,2026-06-06,5,effect: focus / productivity|effect: sleep|effect: anxiety / calm|variety / catalog size,At the end brain.fm wins without any doubts
Brain.fm,DE,brainfm-DE-007,2026-05-17,4,effect: focus / productivity|longevity / daily habit,Teuer aber gut
Brain.fm,DE,brainfm-DE-008,2026-05-17,5,effect: focus / productivity|price / value for money,Amazing
Brain.fm,DE,brainfm-DE-009,2026-05-11,5,effect: focus / productivity,Hilft mir beim Fokussieren
Brain.fm,DE,brainfm-DE-011,2026-04-05,5,longevity / daily habit,it works
Brain.fm,DE,brainfm-DE-013,2026-02-18,4,,"Musik Top, App verbesserungsbedürftig"
Brain.fm,DE,brainfm-DE-017,2026-01-02,5,design / UI / aesthetics,Best in class
Brain.fm,DE,brainfm-DE-020,2025-11-17,4,,Update nach einem Jahr
Brain.fm,DE,brainfm-DE-021,2025-11-02,5,effect: focus / productivity,Amazing app!
Brain.fm,DE,brainfm-DE-024,2025-07-16,4,effect: focus / productivity|effect: sleep|effect: anxiety / calm,So awesome but not free sadly
Brain.fm,DE,brainfm-DE-025,2025-07-12,5,effect: focus / productivity|effect: sleep|design / UI / aesthetics|longevity / daily habit,Ein echter Lebensretter für Fokus und innere Ruhe
Brain.fm,DE,brainfm-DE-027,2025-06-19,4,effect: focus / productivity|effect: ADHD / neurodivergent|integration (watch / home / desktop / shortcuts),Insane Focus
Brain.fm,DE,brainfm-DE-031,2025-04-10,5,effect: anxiety / calm,Für alle Lebenslagen
Brain.fm,DE,brainfm-DE-032,2024-08-28,5,effect: sleep|effect: anxiety / calm|control / customization,Perfekte Mischung für Produktivität und Entspannung
Brain.fm,DE,brainfm-DE-033,2024-07-12,5,,This is literally brain Fm -
Brain.fm,DE,brainfm-DE-035,2024-04-12,4,effect: focus / productivity,Sehr gut aber zu teuer
Brain.fm,DE,brainfm-DE-036,2024-02-27,5,effect: focus / productivity|longevity / daily habit,Fokus & Meditation garantiert
Brain.fm,DE,brainfm-DE-037,2024-02-27,5,effect: focus / productivity,Best Part of the day 😃
Brain.fm,DE,brainfm-DE-039,2023-11-27,5,integration (watch / home / desktop / shortcuts),Great app with one flaw
Brain.fm,DE,brainfm-DE-040,2023-10-29,4,effect: focus / productivity|control / customization,"Es hilft mir extrem, wenn nicht der Preis wäre"
Brain.fm,DE,brainfm-DE-041,2023-06-21,5,effect: focus / productivity|effect: ADHD / neurodivergent,Amazing
Brain.fm,DE,brainfm-DE-043,2023-03-23,4,integration (watch / home / desktop / shortcuts),no apple watch app
Brain.fm,DE,brainfm-DE-044,2023-03-03,5,effect: focus / productivity|longevity / daily habit,Es funktioniert
Brain.fm,DE,brainfm-DE-045,2023-01-20,5,effect: focus / productivity|effect: anxiety / calm|design / UI / aesthetics,The best App you will ever own
Brain.fm,DE,brainfm-DE-046,2022-11-23,4,,Love the Service but does not work on my M1 Max
Brain.fm,DE,brainfm-DE-047,2022-10-02,5,effect: focus / productivity|science framing,Science doesn’t lie
Brain.fm,DE,brainfm-DE-051,2022-03-21,5,effect: focus / productivity|design / UI / aesthetics,"Best focus app out there, now completely overhauled."
Brain.fm,DE,brainfm-DE-052,2022-02-28,5,,Super Update
Brain.fm,DE,brainfm-DE-057,2021-08-31,5,effect: focus / productivity|effect: anxiety / calm|one-time purchase / no subscription|longevity / daily habit,Only app that gets the job done
Brain.fm,DE,brainfm-DE-058,2021-02-01,5,effect: sleep,Super App & super Kundenservice!!!
Brain.fm,DE,brainfm-DE-059,2021-01-23,5,effect: focus / productivity|effect: anxiety / calm,Perfekte Focus&Relax app
Brain.fm,DE,brainfm-DE-060,2021-01-06,5,effect: focus / productivity|effect: anxiety / calm,Focus (or relaxation) at your fingertips
Brain.fm,DE,brainfm-DE-061,2020-12-04,5,effect: focus / productivity,Eine super App
Brain.fm,DE,brainfm-DE-063,2020-09-12,5,effect: focus / productivity,Love it
Brain.fm,DE,brainfm-DE-064,2020-09-08,5,,Very effective
Brain.fm,DE,brainfm-DE-065,2020-08-28,5,effect: focus / productivity|effect: sleep|effect: anxiety / calm,Really makes a difference
Brain.fm,DE,brainfm-DE-066,2020-08-22,5,effect: focus / productivity,Großartige Hilfe!
Brain.fm,DE,brainfm-DE-067,2020-07-11,5,,Gute Musik- schlechte App
Brain.fm,DE,brainfm-DE-068,2020-04-22,5,effect: focus / productivity|effect: anxiety / calm|longevity / daily habit,"Sehr gut zum Energie tanken, abschalten und fokussieren"
Brain.fm,DE,brainfm-DE-071,2020-04-04,4,effect: anxiety / calm,Supi App aber....
Brain.fm,DE,brainfm-DE-074,2019-12-07,4,,Warum diese schreckliche Farbe ???
Brain.fm,DE,brainfm-DE-075,2019-11-23,5,integration (watch / home / desktop / shortcuts),The music is great. The App ist trash.
Brain.fm,DE,brainfm-DE-082,2019-09-19,5,effect: focus / productivity,Super!
Brain.fm,DE,brainfm-DE-084,2019-08-05,5,price / value for money,New look and fixed problems
Brain.fm,DE,brainfm-DE-087,2018-12-05,5,effect: focus / productivity|effect: sleep,Actually works
Brain.fm,DE,brainfm-DE-089,2018-09-14,5,effect: focus / productivity|effect: anxiety / calm,Hilft unglaublich sich zu konzentrieren
Brain.fm,DE,brainfm-DE-090,2018-08-29,5,effect: focus / productivity,Wird immer besser!
Brain.fm,DE,brainfm-DE-091,2018-07-02,5,,Top Qualität und sehr kreativ
Brain.fm,DE,brainfm-DE-092,2018-06-06,5,design / UI / aesthetics|science framing,Simply Amazing
Brain.fm,DE,brainfm-DE-093,2018-04-16,5,effect: focus / productivity,Perfekt zum konzentrieren und lesen
Brain.fm,DE,brainfm-DE-096,2018-01-29,5,effect: focus / productivity,Es wirkt
Brain.fm,DE,brainfm-DE-098,2018-01-19,4,effect: focus / productivity,Mit Brain.fm kann ich besser arbeiten
Brain.fm,DE,brainfm-DE-099,2018-01-16,5,effect: focus / productivity|one-time purchase / no subscription,Fokussierter arbeiten
Brain.fm,DE,brainfm-DE-101,2018-01-01,5,longevity / daily habit,Wahnsinn
Brain.fm,DE,brainfm-DE-102,2017-12-30,5,effect: focus / productivity|effect: anxiety / calm,"Sehr gut zum konzentrieren, oder entspannen"
Brain.fm,DE,brainfm-DE-103,2017-12-25,5,effect: focus / productivity,Großartig
Brain.fm,DE,brainfm-DE-104,2017-12-11,5,,Best of its kind!
Brain.fm,DE,brainfm-DE-105,2017-12-03,5,effect: anxiety / calm,Ist echt hilfreich
Brain.fm,DE,brainfm-DE-106,2017-11-29,5,effect: anxiety / calm,Läuft...
Brain.fm,DE,brainfm-DE-107,2017-09-20,5,,Top
Brain.fm,DE,brainfm-DE-110,2017-05-21,5,,Top
Brain.fm,DE,brainfm-DE-111,2017-05-14,5,effect: focus / productivity|effect: sleep,Perfekte App!
Brain.fm,DE,brainfm-DE-113,2017-04-19,5,effect: focus / productivity,Love it
Brain.fm,DE,brainfm-DE-114,2017-04-18,5,,Best Investment in Yourself
Brain.fm,DE,brainfm-DE-115,2017-03-07,5,effect: focus / productivity|effect: anxiety / calm|one-time purchase / no subscription,Great flow grade app
Brain.fm,DE,brainfm-DE-116,2017-03-06,5,effect: focus / productivity|effect: sleep,Einfach großartig!
Brain.fm,DE,brainfm-DE-118,2017-02-19,5,effect: focus / productivity,Tolle Idee
Brain.fm,DE,brainfm-DE-119,2017-02-16,5,effect: sleep,Magisch!
Brain.fm,DE,brainfm-DE-120,2017-02-12,5,effect: focus / productivity|effect: anxiety / calm|variety / catalog size,"Super App, vielseitig einsetzbar!"
Brain.fm,DE,brainfm-DE-121,2017-02-05,5,effect: focus / productivity|effect: anxiety / calm,Awareness and relaxation!
Brain.fm,DE,brainfm-DE-122,2017-01-04,5,,"Extrem wirkungsvoll, absolut empfehlenswert"
Brain.fm,DE,brainfm-DE-123,2016-12-21,5,effect: focus / productivity|effect: sleep|effect: anxiety / calm|price / value for money|one-time purchase / no subscription,Worth every penny
Brain.fm,DE,brainfm-DE-124,2016-12-14,5,longevity / daily habit,Funktioniert tatsächlich
Brain.fm,DE,brainfm-DE-125,2016-12-14,5,effect: focus / productivity,Unfassbar
Brain.fm,DE,brainfm-DE-126,2016-12-02,5,effect: focus / productivity|effect: sleep|control / customization|one-time purchase / no subscription|design / UI / aesthetics,Great app and service!
